name,address,location,type,tel,cost,rating,opentime_today,opentime_week,tag
巴蜀鱼花(南大店),湖南路街道汉口路30号,"118.779220,32.053685",餐饮服务;中餐厅;火锅店,15380870767,,4.4,09:00-21:00,周一至周日 09:00-21:00,
陕老顺肉夹馍,汉口路30号,"118.779105,32.053716",餐饮服务;餐饮相关场所;餐饮相关,15924140124,,4.4,10:00-21:00,周一至周日 10:00-21:00,肉夹馍
同廣鸣港式烧腊(南京大学店),汉口路47-2号,"118.779262,32.053522",餐饮服务;中餐厅;中餐厅,13305154735,,4.4,10:00-22:00,周一至周日 10:00-22:00,港式烧腊
鱼塘鲜专业鱼馆(汉口路店),华侨路街道汉口路32号,"118.778987,32.053660",餐饮服务;中餐厅;海鲜酒楼,18951000166,66,4.4,09:00-21:30,周一至周日 09:00-21:30,
西安特色面馆(汉口路店),汉口路47号01幢一楼,"118.779220,32.053475",餐饮服务;中餐厅;中餐厅,18114808698,13,4,07:20-21:30,每天07:20-21:30,肉夹馍
荆州锅盔(汉口路小区店),汉口路47号汉口路小区,"118.779209,32.053463",餐饮服务;餐饮相关场所;餐饮相关,13182947373;18651699663,5,4.4,,,
兰州拉面刀削面(汉口路店),汉口路36号,"118.778811,32.053679",餐饮服务;中餐厅;清真菜馆,17327791285,21,4.5,09:00-21:00,周一至周日 09:00-21:00,"牛肉,烤串,拉面,牛肉拉面,炒面,羊肉串,刀削面"
张亮麻辣烫(南大店),汉口路36-1号,"118.778807,32.053661",餐饮服务;中餐厅;中餐厅,15139574656;18550102762,28,4.4,09:30-22:00,周一至周日 09:30-22:00,
老王馄饨,汉口路32号,"118.778807,32.053661",餐饮服务;中餐厅;中餐厅,,9,4.3,06:30-20:30,周一至周日 06:30-20:30,
石锅房,汉口路32号,"118.778807,32.053661",餐饮服务;外国餐厅;韩国料理,13851543821,13,4.3,09:00-22:00,周一至周日 09:00-22:00,"滑鸡石锅拌饭,豆腐汤,牛肉石锅饭,五花肉套餐,炸酱面,素菜石锅拌饭,牛肉石锅,金枪鱼石锅饭,炒金指年糕,炒年糕拉面,滑鸡石锅,培根石锅,嫩豆腐汤,辛拉面,炒年糕,水煮花生,石锅拌饭"
阿蛮菜煎饼卷饼(汉口路小区店),汉口路47号-6号,"118.779041,32.053444",餐饮服务;餐饮相关场所;餐饮相关,13770721516,,3.8,07:30-21:00,周一至周日 07:30-21:00,菜煎饼
筷尚客大食堂,汉口路38号(近南京大学),"118.778668,32.053664",餐饮服务;中餐厅;中餐厅,13601586608;13951688092,,3.9,,,
家天下菜煎饼(汉口路小区店),汉口路47号南京大学好又多超市旁边,"118.778960,32.053435",餐饮服务;餐饮相关场所;餐饮相关,,10,4.1,,,菜煎饼
膳当家黄焖鸡米饭(汉口路店),汉口路38号,"118.778647,32.053664",餐饮服务;中餐厅;中餐厅,13851644907;15305150776,19,4.4,09:00-21:00,周一至周日 09:00-21:00,鸡肉
春水塘土菜馆(汉口路店),汉口路40-5号,"118.778359,32.053978",餐饮服务;中餐厅;中餐厅,025-58075395;18260411172,40,4.4,09:00-21:30,周一至周日 09:00-21:30,"鸡蛋炒饭,招牌酸菜鱼,水煮鱼片,鱼香肉丝,酸菜烧鸡,家常豆腐,黄瓜炒鸡蛋,酸汤肥牛鱼,鱼香茄子,特色肥肠鱼,烤鱼,糖醋里脊,炒空心菜,素菜"
福桔家庭厨房,汉口路42号,"118.778479,32.053663",餐饮服务;中餐厅;中餐厅,19961882001,,4.7,11:00-13:30 17:00-20:30,"周日 11:00-14:30,17:00-20:30；周六 11:00-20:30；周一至周五 11:00-13:30,17:00-20:30","寿喜锅,糖醋排骨"
沙县小吃(汉口路店),汉口路73号,"118.778214,32.053989",餐饮服务;中餐厅;特色/地方风味餐厅,18752023233;19941534156,13,4.4,10:00-21:00,周一至周日 10:00-21:00,
慢慢早,汉口路61号,"118.778448,32.053447",餐饮服务;中餐厅;中餐厅,17721540091,,4.1,08:00-21:00,周一至周日 08:00-21:00,
金麦笼大包坊(汉口路店),汉口路48-1号东单元102室,"118.778042,32.053993",餐饮服务;餐饮相关场所;餐饮相关,13611595941;15996222776,4,4.4,08:00-20:00,周一至周日 08:00-20:00,"菜包,鸡肉包,豆腐包,粉丝包,牛肉包,豆沙包,茶叶蛋,牛肉粉丝,三丁包,大包"
韩师傅烤冷面&炸串,汉口路61-9号,"118.778297,32.053362",餐饮服务;中餐厅;中餐厅,13851895307;18020116428,,3.9,10:30-24:00,周一至周日 10:30-24:00,"炸串,烤冷面"
四川宜宾燃面,汉口路48号,"118.777909,32.053999",餐饮服务;中餐厅;四川菜(川菜),13072527682;17326125923,22,4.7,09:00-20:30,周一至周日 09:00-20:30,
新疆玉石买买提烧烤(爱德基金会店),爱德基金会东门旁,"118.778046,32.053583",购物服务;专卖店;珠宝首饰工艺品,,47,3.8,,,
jackob嘉珂舶清真餐厅(汉口路店),"汉口路61号(青岛路与汉口路交界,青岛路苏果超市对面)","118.778262,32.053192",餐饮服务;外国餐厅;西餐厅(综合风味),025-86521668;13337812992,52,4.4,10:30-24:00,周一至周日 10:30-24:00,
火山口川味排档,青岛路33-5号,"118.778160,32.053066",餐饮服务;中餐厅;四川菜(川菜),18115644733,,4.7,11:00-22:00,周一至周日 11:00-22:00,"辣子鸡,酸菜鱼,自贡菜,鸭头,土豆丝,麻婆豆腐"
南芳园,汉口路22号南京大学鼓楼校区南芳苑3层,"118.780616,32.052592",餐饮服务;中餐厅;中餐厅,025-83593385;025-83594446,58,4,08:30-20:00,周一至周日 08:30-20:00,
食壹咖喱,"青岛路6-1号(华达宾馆对面,近南京大学)","118.778339,32.052775",餐饮服务;中餐厅;中餐厅,13851573537;13951818417,30,4.1,11:00-14:00 17:00-20:00,"周一至周六 11:00-14:00,17:00-20:00","芝士咖喱牛肉蛋包饭,芝士咖喱鸡肉蛋包饭,蛋包饭,奥尔良烤鸡腿咖喱蛋包饭,芝士烤土豆,培根咖喱蛋包饭,奶香玉米派,水果沙拉,鳕鱼排蛋包饭,冰火菠萝包,天妇罗咖喱饭,芝士咖喱鸡肉蛋包,芝士咖喱牛肉蛋包,牛排,鸡茸玉米汤"
美鸽记·中山石岐乳鸽,青岛路33-3号,"118.778138,32.052878",餐饮服务;中餐厅;中餐厅,18752079369,,4.6,10:00-14:00 16:00-22:00,周一至周日 10:00-14:00，16:00-22:00,红米肠
涵洁地锅,青岛路33-6号,"118.778149,32.052856",餐饮服务;中餐厅;中餐厅,13851786544,53,4.3,08:00-22:30,周一至周日 08:00-22:30,地锅鸡
安庆馄饨店(青岛路10号院店),青岛路8号,"118.778356,32.052708",餐饮服务;中餐厅;特色/地方风味餐厅,18912930685,9,4,06:30-20:00,周一至周日 06:30-20:00,
陈记六合猪头肉,青岛路2号小区西2门旁,"118.778355,32.052525",餐饮服务;中餐厅;中餐厅,,,4.2,,,
箪食记(汉口路店),汉口路75-2号,"118.777185,32.053960",餐饮服务;中餐厅;中餐厅,13951883009;15651837225,31,4.2,,周一至周六 09:00-20:00,
福·烧鸟酒场(陶谷新村店),陶谷新村与平仓巷交叉口西100米,"118.777175,32.053960",餐饮服务;外国餐厅;日本料理,,,4.1,09:00-21:00,周一至周日 09:00-21:00,烧鸟
人全到饭店(青岛路店),青岛路2-16号,"118.778235,32.052144",餐饮服务;中餐厅;四川菜(川菜),025-83372086;13675117296,63,4.3,10:00-22:00,周一至周日 10:00-22:00,"八爪鱼烧茄子,黄花菜烧肉圆,铁板虾,皮蛋,丝瓜毛豆,凉拌黄瓜,椒盐牛蛙,茄子,粉皮"
金良酸菜鱼(青岛路店),青岛路31号,"118.778342,32.051999",餐饮服务;中餐厅;海鲜酒楼|餐饮服务;中餐厅;四川菜(川菜),15365102217,41,4.2,09:00-22:00,周一至周日 09:00-22:00,
小田园(青岛路2号小区店),青岛路2-15号,"118.778348,32.051931",餐饮服务;餐饮相关场所;餐饮相关,13813882317,,4.3,10:00-22:00,周一至周日 10:00-22:00,
满江红餐厅(新纪元大酒店店),中山路251-1号新纪元大酒店1楼(近地铁大厦),"118.782845,32.053761",餐饮服务;中餐厅;中餐厅,025-86812222,95,4.5,10:00-21:00,周一至周日 10:00-21:00,"狮子头,回鱼水饺,纪元龙虾,丁香排骨,熟淹河虾,淮安软兜,鱼汤小刀面,酸菜鱼,龙虾,野菌汤,牛柳,鲍汁捞饭,大煮干丝,南瓜扣糯米,酱排骨"
同堂韩国料理(南大店),青岛路2-14号,"118.778468,32.051751",餐饮服务;外国餐厅;韩国料理,13951612449,43,4.2,09:30-21:30,周一至周日 09:30-21:30,"嫩豆腐汤,蔬石锅拌饭,烤五花肉,炒夹心年糕,海鲜饼,部队火锅,烤土豆,炒杂菜,餐前小菜,土豆饼,韩式拌饭,韩式大酱汤,冷面,酱牛肉,大酱泡菜饼,石锅拌饭,韩国料理,辛拉面,海鲜面,小火锅,泡菜"
鸭得堡老鸭汤鸭血粉丝(南京鼓楼医院店),天津路与汉口路交叉口北100米,"118.783043,32.054800",餐饮服务;中餐厅;中餐厅,,,3.9,,,
南京大学(鼓楼校区)食堂,汉口路22号南京大学鼓楼校区南园(近广州路),"118.781022,32.051694",餐饮服务;中餐厅;中餐厅,17368712592,13,4.2,08:00-20:30,周一至周日 08:00-20:30,
南京大学鼓楼校区第二学生餐厅,汉口路22号南京大学鼓楼校区交响乐团附近,"118.781121,32.051500",餐饮服务;中餐厅;中餐厅,,13,4.1,,,
人全到小馆(南秀村店),南秀村15-1号,"118.775711,32.054787",餐饮服务;中餐厅;江苏菜,025-58490112;18305194936,52,4.3,10:00-14:00 16:00-22:00,"周一至周日 10:00-14:00,16:00-22:00","黄花菜烧肉圆,鲶鱼豆腐,虎皮蛋烧肉,八爪鱼烧茄子,黄豆炖猪手,鱼头皮肚锅,鱼头豆腐,青菜烧油渣,小黄鱼烧腌菜,臭豆腐肥肠煲,炖菜核,鸭肫腌菜花烧排骨,铁板虾,大煮干丝,素鸡,八爪鱼,素菜"
EAT食社餐厅,汉口路南秀村21号102室,"118.775536,32.054727",餐饮服务;外国餐厅;西餐厅(综合风味),13852299232;18856567317,86,4.7,,"周二至周日 11:00-15:00,17:00-21:00","鸡肉芝士饼,牛油果沙拉,肉酱意大利面,煎羊排,三明治,牛排,培根奶油蘑菇通心,烟熏三文鱼意面,鸡翅,芝士培根焗薯蓉,mojito,海南鸡饭,番茄酱,烤鸡,芝士,薯条,咕咕鸡,鸡肉,菠菜,意面,三文鱼,早午餐,薄饼,香肠"
咕咕鸡韩国料理(汉口路店),汉口路陶谷新村6号105室,"118.775491,32.054391",餐饮服务;外国餐厅;韩国料理,025-89673380,67,4,10:00-21:00,周一至周日 10:00-21:00,"咕咕炸鸡,拉面年糕,烤五花肉,牛肉菌菇火锅,无骨双拼,石锅拌饭,豆腐汤,酱拌炸鸡,鱼糕汤,辣酱鱿鱼五花肉,牛肉盖饭,炸酱面,咕咕酱饼,海鲜面,招牌拌饭,韩国料理,炒年糕,咕咕鸡,部队火锅,炸薯条,炸鸡,烤牛肉"
元味餐厅(新纪元大酒店店),新纪元大酒店东2门旁(珠江路地铁站3号口步行170米),"118.783863,32.053175",餐饮服务;中餐厅;江苏菜,025-83322666,,4.3,07:00-20:30,周一至周日 07:00-20:30,
烟波渔港(吉兆营店),中山路239号烟波1989,"118.783478,32.052221",餐饮服务;餐饮相关场所;餐饮相关,17761701767,132,4.6,10:00-22:00,周一至周日 10:00-22:00,
La Mia Casa意式小馆(南北秀村小区店),上海路南秀村14-1,"118.775394,32.055769",餐饮服务;外国餐厅;意式菜品餐厅,025-58578887,166,4.8,11:30-14:00 16:30-21:00,周一至周日 11:30-14:00，16:30-21:00,"千层面,火腿,提拉米苏,披萨"
Secco德式餐吧,南秀村路南秀村14-3号,"118.775132,32.055716",体育休闲服务;娱乐场所;酒吧,13405881162;15996302244;17368013085,,4.7,11:00-01:00,周一至周日 11:00-01:00,"鸡肉,烤饼"
肯德基(广州店),广州路104号,"118.778164,32.050388",餐饮服务;快餐厅;肯德基,025-86632902,41,4.6,24小时营业,周一至周日 00:00-24:00,"红豆派,KFC芋缘花淇淋,芋缘花淇淋,海苔岩烧大鸡腿饭,醇香土豆泥,KFC老北京鸡肉卷,肯大大鸡排,伴柠伴桔鲜果茶,黄金鸡块,蔬菜沙拉,葡式蛋挞,KFC香辣（劲脆）鸡腿堡,鸡米花,现磨咖啡,吮指原味鸡,新奥尔良烤鸡腿堡,薯条,可乐,香辣鸡翅,小食拼盘,玉米沙拉,蛋挞,汉堡,老北京鸡肉卷"
南京鼓楼医院食堂,中山路321号(鼓楼地铁站1号口步行130米),"118.783772,32.056831",餐饮服务;中餐厅;中餐厅,,19,4,06:00-20:00,周一至周日 06:00-20:00,
秀爱尔兰餐吧,上海路南秀村29号(云南路地铁站2号口步行470米),"118.774925,32.055580",体育休闲服务;娱乐场所;酒吧,025-85439898,110,4.6,11:00-14:00 17:00-02:00,周一至周日 11:00-14:00，17:00-02:00,"榴莲披萨,羊排"
宜祺发·宸宴·融合菜(金轮峰华天地店),金轮峰华天地(珠江路地铁站3号口步行80米),"118.783730,32.051852",餐饮服务;中餐厅;中餐厅,13814043276,,4.2,11:00-14:00 16:30-21:00,周一至周日 11:00-14:00，16:30-21:00,融合菜
鸡鸣汤包(广州路店),汉口路9号广州路24号401B,"118.780669,32.050191",餐饮服务;快餐厅;快餐厅,025-83531920;19941643597,,4.6,06:00-21:00,周一至周日 06:00-21:00,鸡汁汤包
糯雅芳粥(南京儿童医院店),广州路24-2号糯雅方粥,"118.780767,32.050200",餐饮服务;中餐厅;中餐厅,,,4.4,,,
潘老板炸鸡(广州路店),广州路22-401A(珠江路地铁站出入口步行310米),"118.780921,32.050203",餐饮服务;餐饮相关场所;餐饮相关,15951988989;15996456786,13,4.2,10:00-22:00,周一至周日 10:00-22:00,鸡腿
老南京大三元特色传统点心,广州路22号(珠江路地铁站出入口步行300米),"118.781018,32.050189",餐饮服务;糕饼店;糕饼店,13951739288,31,4.5,08:00-20:00,周一至周日 08:00-20:00,"乌饭,蛋挞,蜜三刀,蝴蝶酥,马蹄糕,条头糕,点心,绿豆糕,青团,桂花糕,水塔糕"
绝味鸭脖(广州路店),广州路22-3号(珠江路地铁站出入口步行300米),"118.781133,32.050193",餐饮服务;餐饮相关场所;餐饮相关,025-83207437;15895982245;4009995917,30,4.4,08:00-22:00,周一至周日 08:00-22:00,超值
小粉桥猪蹄(小粉桥店),珠江路地铁1号出口巷里小粉桥3号,"118.783215,32.051189",餐饮服务;餐饮相关场所;餐饮相关,18761688309,20,4.4,06:00-20:00,周一至周日 06:00-20:00,"猪蹄,猪耳朵,猪尾巴,蹄髈,猪蹄猪尾巴猪舌头,卤肉,口条,小粉桥猪蹄"
成都娃娃花园餐厅(南秀村店),上海路南秀村20号爱尔兰吧对面,"118.774781,32.055693",餐饮服务;中餐厅;中餐厅,025-83208066,152,4.8,11:00-13:30 17:00-20:30,"周一至周日 11:00-13:30,17:00-20:30","柠檬藕片,红糖糍粑,老板的牛肉,辣子鸡,腌笋炒腊肉,白芹炒香干,担担面,藤椒水煮鱼,激情牛蛙,藿香鱼,水煮鸭舌,冒脑花,百年银杏翘嘴鱼,回锅肉,飘香黄喉,牛蛙,牛肉,冰粉,小酥肉,藤椒鱼,蒜泥白肉"
广和生大排档(金轮峰华天地店),中山路223-4号金轮峰华,"118.783712,32.051590",餐饮服务;餐饮相关场所;餐饮相关,15380987276,,4.8,11:00-02:00,周一至周日 11:00-02:00,"鸡肉,鸡汤,大排档"
南京精菜馆,北京西路7号晶丽酒店2层,"118.779419,32.058770",餐饮服务;中餐厅;中餐厅,025-83301777;13815879169,180,4.6,10:00-22:00,周一至周日 10:00-22:00,"大红烧狮子头,黑椒牛排,石锅海鲜粉丝,烤羊腿,千斤鼎,大鹅翅,香煎牛仔骨,肉汁萝卜,XO酱海皇豆腐,石锅黑椒牛尾,淮扬软兜,干切猪肘,芝士焗豆腐,煎招牌煎烧牛尾,芝士风沙金瓜,狮子头"
双黄蛋煎饼,南京大学鼓楼校区鼓楼校区南园广州路门旁,"118.781453,32.050231",餐饮服务;餐饮相关场所;餐饮相关,13701461251,,4.2,06:30-20:30,周一至周日 06:30-20:30,
晶丽酒店香榭自助餐吧,北京西路7号晶丽酒店1层,"118.779521,32.058785",餐饮服务;外国餐厅;外国餐厅,025-83310818;025-83513977,82,4.5,07:00-21:00,周一至周日 07:00-21:00,"糖醋排骨太甜,鸡汤馄饨,扇贝,基围虾,三文鱼,鸭血粉丝汤,培根,橙汁,小馄饨,盐水鸭,点心,蜜汁藕,麻辣烫,鱼汤,阳春面,自助餐,虾生,小黄鱼,糖醋排骨,肉包,油爆虾"
锦上·OCC,北京西路1-2号(鼓楼公园西北门斜对面),"118.781156,32.058622",餐饮服务;中餐厅;中餐厅,,,4.8,11:00-14:00 17:00-21:00,"周一至周日 11:00-14:00,17:00-21:00",
双黄蛋煎饼(南京鼓楼医院店),中山路321-4号(鼓楼地铁站1号口步行100米),"118.783854,32.057079",餐饮服务;餐饮相关场所;餐饮相关,,,4.1,,,
重庆鸡公煲(广州路店),海苑大厦北2门旁,"118.779062,32.049969",餐饮服务;中餐厅;四川菜(川菜),13390914082;15380214506,,4.2,,,
回味鸭血粉丝汤(广州路店),广州路39号一层,"118.779975,32.049930",餐饮服务;中餐厅;中餐厅,18651857774,,4.5,08:00-20:30,周一至周日 08:00-20:30,鸭血粉丝汤
安家桂花汤圆(中山路店),中山路246号(珠江路地铁站3号口步行80米),"118.784356,32.052275",餐饮服务;中餐厅;中餐厅,13851814979,12,4.3,06:00-22:00,周一至周日 06:00-22:00,
鱼籽村秘制拌饭(南大店),湖南路街道广州路16号301商铺,"118.781943,32.050311",餐饮服务;中餐厅;中餐厅,18363188887,25,4.5,09:00-22:00,周一至周日 09:00-22:00,鱼籽
金陵红哥精菜馆(江苏科技大厦店),广州路37号江苏科技大厦1-2层,"118.780186,32.049904",餐饮服务;中餐厅;海鲜酒楼,025-83676677,183,4.4,11:00-13:00 17:00-02:00,周一至周日 11:00-13:00，17:00-02:00,
星记蚝宅·澳洲小蓝龙(上海路店),上海路100号,"118.774457,32.053781",餐饮服务;中餐厅;中餐厅,18913346136;18913380988,153,4.5,11:00-14:00 17:00-02:00,周一至周日 11:00-14:00，17:00-02:00,"生蚝,现捞"
鸭血粉丝汤,广州路13213号,"118.777184,32.050370",餐饮服务;中餐厅;中餐厅,13701473046,22,4.2,10:00-22:00,周一至周日 10:00-22:00,鸭血粉丝汤
穆兰说兰州牛肉面,广州路39号(儿童医院对面),"118.779052,32.049862",餐饮服务;中餐厅;清真菜馆,13369317553;15851825068,21,4.2,09:00-21:00,周一至周日 09:00-21:00,
王家馄饨铺,南京地铁北1门旁(珠江路地铁站3号口步行90米),"118.784506,32.052269",餐饮服务;中餐厅;中餐厅,15950474085,9,4.5,07:30-22:30,周一至周日 07:30-22:30,
西安特色面食(广州路),广州路小粉桥1-2号(珠江路地铁站出入口步行140米),"118.783252,32.050914",餐饮服务;中餐厅;特色/地方风味餐厅,13951678137;18005162818,20,4.1,08:00-21:00,周一至周日 08:00-21:00,"【抢,岐山臊子面,油泼面,肉夹馍"
潼记腊汁肉夹馍,广州路16号(黑鱼汤旁边),"118.782184,32.050285",餐饮服务;快餐厅;快餐厅,18652036520,,4.4,10:00-21:00,周一至周日 10:00-21:00,腊汁肉夹馍
食肉兽·饮食,金银街17-1号(云南路地铁站2号口步行280米),"118.775818,32.057585",餐饮服务;中餐厅;中餐厅,18913380478,,4.2,09:00-23:00,周一至周日 09:00-23:00,
赵椒椒川味麻辣烫,广州路14-6号(珠江路地铁站出入口步行190米),"118.782265,32.050307",餐饮服务;中餐厅;中餐厅,19530256561,,4.4,10:30-22:30,周一至周日 10:30-22:30,川味麻辣烫
独一味·齐齐哈尔烤肉(羲和广场店),珠江路地铁站3号口步行360米,"118.785175,32.054440",餐饮服务;中餐厅;中餐厅,17368483377,,4.6,10:00-24:00,周一至周日 10:00-24:00,齐齐哈尔烤肉
小院冒菜·万物皆可MAO,金银街17号(云南路地铁站2号口步行270米),"118.775791,32.057610",餐饮服务;中餐厅;中餐厅,17301583908,,4.5,10:30-21:30,周一至周日 10:30-21:30,冒菜
可西玛西班牙餐厅,上海路120号(上海路南京银行对面与汉口交叉路口),"118.774232,32.054519",餐饮服务;外国餐厅;地中海风格菜品,025-83337576;13951665575,81,4.5,10:00-21:30,周一至周日 10:00-21:30,"西班牙海鲜饭,土豆饼,桑格利亚,披萨,芝士火腿烤土豆,tapas,墨鱼海鲜饭,蒜香烤翅,凯撒沙拉,可西马披萨,可西玛沙拉,巴塞罗那小吃,金枪鱼色拉,马德里小吃,西班牙女士啤酒（柠檬味）,海鲜饭,大虾,pizza"
鸭得堡(羲和商业广场店),新街口街道中山路288号28羲和商业广场,"118.785225,32.054375",餐饮服务;餐饮相关场所;餐饮相关,,,4.1,,,
朱氏梅花糕,上海路120号-1,"118.774189,32.054636",餐饮服务;中餐厅;中餐厅,13951761715;15062284608,3,4.7,11:00-18:00,周一至周日 11:00-18:00,"紫薯梅花糕,豆沙梅花糕,朱师傅梅花糕,红豆梅花糕,馄饨,布拉卷粉,梅干菜煎饼,水果馅,豆沙,梅花糕"
比萨时光(上海路店),上海路81-7号,"118.774805,32.052207",餐饮服务;快餐厅;快餐厅,13770625552;13813973282,72,4.3,,周一，周三至周日 11:00-14:00，16:00-21:00,"提拉米苏,水果披萨,帕尔玛进口风干火煺披萨,榴莲芝士披萨,意大利肉酱面,孜然烤羊排,水牛奶酪沙拉,海鲜岛粉丝沙律,培根披萨,榴莲芝士全肉双拼披萨,土豆泥,比萨"
麦当劳(广州路餐厅),广州路14号(珠江路地铁站出入口步行160米),"118.782511,32.050331",餐饮服务;快餐厅;麦当劳|餐饮服务;甜品店;甜品店,025-87702817;4008517517,25,4.7,07:00-22:00,周一至周日 07:00-22:00,"原味板烧鸡腿麦满分组合,麦当劳超值嗨餐,（2-3人餐）,麦辣美味三件套,可乐鸡翅,家有金桶（脆鸡版）,安格斯系列,大脆鸡扒麦满分组合,人气美味尽享套餐,板烧美味三件套,麦辣鸡腿堡,巨无霸汉堡,家有金桶（汉堡版）,汉堡,鸡块,巨无霸,大鸡排,下午茶,双人餐,薯条"
筷尚客大食堂(广州路店),广州路12-7号(珠江路地铁站出入口步行150米),"118.782625,32.050335",餐饮服务;中餐厅;中餐厅,025-58363795;13601582099,30,4.5,09:30-21:00,周一至周日 09:30-21:00,带鱼
兰州拉面(吉兆营店),中山路248号(珠江路地铁站3号口步行210米),"118.784745,32.052278",餐饮服务;中餐厅;清真菜馆,18751990095,17,4.2,07:00-22:00,周一至周日 07:00-22:00,拉面
月影韩国餐厅(上海路小区店),上海路87号(近广州路),"118.774188,32.053511",餐饮服务;外国餐厅;韩国料理,025-83207207;13770762064,64,4.6,16:00-04:00,周一至周日 16:00-04:00,"芝士炒年糕,烤五花肉,泡菜饼,奶酪玉米,冷面,豆腐汤,辛拉面,泡菜汤,什锦粉丝,泡菜炒五花肉,海鲜豆腐汤,炒拉面,土豆饼,芝士玉米,辣牛肉粉丝汤,糖醋肉,炒方便面,烤年糕,五花肉"
Genuine南洋小馆,上海路150号(云南路地铁站2号口步行360米),"118.774287,32.055767",餐饮服务;快餐厅;快餐厅,18251838864,,4.6,11:00-21:00,周一至周日 11:00-21:00,"海南鸡,鸡煲,虾仁,鸡肉,冬阴功汤,罗氏虾,牛肉丸"
䱊贩寿司,广州路12号3楼(珠江路地铁站出入口步行110米),"118.782998,32.050455",餐饮服务;外国餐厅;日本料理,,,4,11:00-14:30 17:00-21:00,"周一至周日 11:00-14:30,17:00-21:00",寿司
朵绮鲜食(温沙拉·健康餐),金银街17号朵绮鲜食(云南路地铁站3号口步行380米),"118.775666,32.057754",餐饮服务;餐饮相关场所;餐饮相关,18851731970,,3.8,,周一至周六 10:00-19:00,
董家金牌锅贴(南京大学鼓楼校区店),广州路14-5号(珠江路地铁站出入口步行130米),"118.782897,32.050357",餐饮服务;中餐厅;中餐厅,17705181388,13,4.1,07:00-22:00,周一至周日 07:00-22:00,
赣味记忆·地道江西小炒(南京首店),广州路12号-202室,"118.782974,32.050393",餐饮服务;中餐厅;中餐厅,,,4.7,,,
第一泉酒家(鼓楼店),北京西路6号(近海宁大酒店),"118.778959,32.059194",餐饮服务;中餐厅;中餐厅,025-86632356,53,4.7,11:00-14:00 17:00-20:30,"周一至周日 11:00-14:00,17:00-20:30","小鱼锅贴,我超爱的江米排骨,豆腐圆子,十三香龙虾,鲶鱼粉皮,酸辣鸡丝,糖醋里脊,三鲜老油条,酸汤鱼圆,淮安软兜,油焖茄子,南瓜饼,切片鲈鱼,酸辣汤,糯米藕"
永和大王(广州路店),广州路5-11号(珠江路地铁站出入口步行280米),"118.781825,32.049838",餐饮服务;中餐厅;中餐厅,025-83300464;18801599408;4008159797,20,4.7,06:00-23:00,周一至周日 06:00-23:00,"一口鲜小笼包,野山椒翘脚牛肉饭,喷香藤椒鸡,老长沙肉炒肉,大王卤肉饭升级单人三件套,大王卤肉饭三件套,猪排,皮蛋瘦肉粥,豆浆油条,鸡排,卤肉饭,油条,饭团"
肯德基(珠江路地铁店),中山路221号负一层101至106室115至119室,"118.783637,32.050772",餐饮服务;快餐厅;肯德基,025-85601286,21,4.3,06:00-21:00,周一至周日 06:00-21:00,"蛋挞,饭团,薯条"
玄姬Bistro,上海路85号上海路小区,"118.774212,32.052824",餐饮服务;外国餐厅;西餐厅(综合风味),,55,4.4,11:30-21:30,周一至周日 11:30-21:30,
玄姬Bistro(上海路小区店),北冬瓜市坡上,"118.774166,32.052822",餐饮服务;外国餐厅;西餐厅(综合风味),18013874327,,4.7,,,"芝士,下午茶,番茄酱,意大利面"
南台香饭堂(羲和商业广场店),中山路286号(近漫咖啡和酵墅),"118.785565,32.054281",餐饮服务;中餐厅;中餐厅,15305179579,,4.5,10:00-14:30 16:00-20:30,周一至周日 10:00-14:30，16:00-20:30,
老时光精菜馆(倍格硅巷店),鼓楼街3号(鼓楼地铁站6号口步行210米),"118.780519,32.059310",餐饮服务;中餐厅;中餐厅,,,4.2,09:30-22:00,周一至周日 09:30-22:00,
贵州米线(吉兆花园店),唱经楼西街7号吉兆花园,"118.785110,32.052331",餐饮服务;中餐厅;中餐厅,15151884883,,4.2,08:30-21:00,周一至周日 08:30-21:00,贵州米线
争鲜回转寿司(龙世中心店),广州路2号龙世中心1F(珠江路地铁站1号口旁),"118.783699,32.050644",餐饮服务;外国餐厅;日本料理,025-83401331,44,4.4,11:00-21:00,周一至周日 11:00-21:00,"三文鱼刺身,鳗鱼寿司,中华海草,焦糖三文鱼,龙虾沙拉,辣味章鱼,芝士蛋糕,螺肉寿司,北极贝寿司,玉子烧寿司,鲜虾寿司,鳗鱼块,生姜片,付味墨鱼仔,焦糖鲑,寿司,三文鱼,鳗鱼"
古堡老陈烤串(羲和商业广场店),中山路286号羲和商业广场F1层,"118.785641,32.054963",餐饮服务;中餐厅;特色/地方风味餐厅,,,4.1,,,烤串
米村拌饭(金鹰珠江路店),珠江路1号金鹰珠江路购物中心B2F号商铺,"118.784596,32.051409",餐饮服务;快餐厅;快餐厅,17712917167,,4.9,09:30-21:00,周一至周日 09:30-21:00,"小酥肉,拌饭,牛肉拌饭,石锅拌饭,鱿鱼"
屠夫的女儿·食肉店(羲和商业广场店),中山路286号羲和商业广场F1层,"118.785751,32.054340",餐饮服务;中餐厅;中餐厅,,30,4.4,10:00-22:00,周一至周日 10:00-22:00,
鹿港美·台湾菜(珠江路金鹰店),珠江路金鹰中心北馆4楼,"118.784549,32.051301",餐饮服务;中餐厅;中餐厅|生活服务;生活服务场所;生活服务场所,025-86531957,93,4.5,10:00-21:00,周一至周日 10:00-21:00,三杯鸡
潘家韩国料理(南阴阳营小区北区店),上海路南阴阳营22号1单元101室月星餐厅旁边,"118.773848,32.055657",餐饮服务;外国餐厅;外国餐厅,13675111994;13913836531,60,4.5,10:00-21:00,周一至周日 10:00-21:00,"韩国料理,泡菜"
南京沉香鸭馆(汉口西路店),汉口西路1号,"118.773660,32.054823",餐饮服务;中餐厅;中餐厅,15365270887,,4.3,,,
麻辣盛艳(金鹰天地店),珠江路1号金鹰天地负1层,"118.784591,32.051280",餐饮服务;中餐厅;四川菜(川菜)|餐饮服务;休闲餐饮场所;休闲餐饮场所,025-87715513,52,4.6,10:00-21:00,周一至周日 10:00-21:00,"土豆条,鸡翅膀,精选厚五花肉,莴笋,藕片,金针菇,鸡脆骨,掌中宝,炝拌鲜腐竹,鱿鱼,红薯条,年糕,牛蛙,牛肉,海带,麻辣香锅"
老马牛肉面(上海路店),上海路154号4幢106室,"118.774398,32.056953",餐饮服务;中餐厅;清真菜馆,025-83245638;18651804612,11,4.5,09:00-23:00,周一至周日 09:00-23:00,"炒刀削,红烧牛肉炒拉面,葱花大饼,新疆大盘鸡,葱油饼,青菜牛肉饭,番茄鸡蛋盖浇面,土豆牛肉盖浇面,凉拌羊肉,红烧鸡块饭,番茄鸡蛋饭,牛肉泡馍,孜然牛肉饭,鸡蛋炒拉面,羊排凉面,拉面,红烧牛肉,炒刀削面,牛肉面,大盘鸡,牛肉"
呆头鱼·无刺酸菜鱼(珠江路金鹰店),同仁西街与同仁街交叉口西南80米珠江路金鹰负二层,"118.784568,32.051220",餐饮服务;快餐厅;快餐厅,17351777583,,4,09:00-22:00,周一至周日 09:00-22:00,"无刺酸菜鱼,酸汤肥牛,招牌酸菜鱼,招牌牛蛙,红烧牛蛙,鲜美美蛙,酸菜鱼"
老娘舅(金鹰购物中心店),珠江路1号金鹰天地北馆负一楼老娘舅,"118.784785,32.051474",餐饮服务;快餐厅;快餐厅,025-88816127,27,4.2,10:00-20:30,周一至周日 10:00-20:30,"橙汁,茶树菇老鸭,江南红烧鱼,鱼肉狮子头,冰镇黄桃,水蒸蛋千张包,蜜汁鸡翅,杨梅汁,梅干菜扣肉,炖蛋,鱼饭,红烧鱼,蒸蛋,工作餐"
月星餐厅酸菜鱼(宁海路店)海洋酸菜鱼,宁海路南阴阳营22号(靠近上海路路口),"118.773740,32.055629",餐饮服务;中餐厅;中餐厅,13512547639,30,4.5,10:00-21:00,周一至周日 10:00-21:00,酸菜鱼
大鼓米线(金鹰购物中心店),珠江路1号金鹰北馆B2层,"118.784718,32.051339",餐饮服务;中餐厅;中餐厅,,,4,,,
和府捞面(金鹰北馆店),新街口街道珠江路1号金鹰珠江路店B1层AB1-00056,"118.784629,32.051212",餐饮服务;快餐厅;快餐厅,15651968350;18852012010,50,4.3,10:00-22:00,周一至周日 10:00-22:00,"香肠,酸汤肥牛"
鱼酷活力烤鱼(金鹰购物中心店),珠江路1号金鹰天地购物中心3层T302商铺,"118.784561,32.051136",餐饮服务;中餐厅;四川菜(川菜)|餐饮服务;中餐厅;海鲜酒楼|餐饮服务;休闲餐饮场所;休闲餐饮场所,025-88816067,83,4.6,10:00-21:00,周一至周日 10:00-21:00,烤鱼
新白鹿(珠江路金鹰店),珠江路1号金鹰国际购物中心北馆4楼,"118.784569,32.051130",餐饮服务;中餐厅;中餐厅,025-88816989,76,4.7,10:30-14:00 16:30-21:00,"周一至周日 10:30-14:00,16:30-21:00","很脆的松露豆腐,一品开背虾,酱烤活鲈鱼,秘制烤肉,冰淇淋烤布雷,蒜蓉粉丝扇贝,蛋黄鸡翅,鲈鱼,鸡翅"
袁记云饺(南京市鼓楼区上海路店),汉口西路2-2号,"118.773546,32.054839",餐饮服务;中餐厅;特色/地方风味餐厅,13955472952;18251849364,38,4.2,07:00-19:00,周一至周日 07:00-19:00,"云吞,堂食"
煲仔皇(珠江路金鹰店),珠江路1号珠江路金鹰AB2层FB209号,"118.784788,32.051360",餐饮服务;餐饮相关场所;餐饮相关,17312141908,35,4.1,09:30-21:00,周一至周日 09:30-21:00,"小酥肉,腊味四宝煲仔饭,老鸭炖盅,煲仔皇,腊味皇煲煲仔饭,香菇滑鸡煲仔饭,腊肠滑鸡煲仔饭,煲仔饭"
匠二家,汉口西路3-8(桂花鸭旁边巷子往里10米),"118.773501,32.054539",餐饮服务;外国餐厅;日本料理,15751838299;18551661642,,4.1,08:00-20:00,周一至周日 08:00-20:00,
同堂韩国料理(汉口西路),汉口西路6-2号袁记云饺旁边巷子如家酒店对面韩国料理寿司烤肉石锅拌饭火锅炒菜烤串汤饼冷面炸酱面韩式炸鸡,"118.773517,32.054800",餐饮服务;外国餐厅;韩国料理,025-83303836;025-83323589;13770510688,47,4.6,10:00-22:00,周一至周日 10:00-22:00,"韩国料理,拌饭,年糕,石锅拌饭,部队火锅,烤肉,炸鸡"
井格重庆火锅(南京珠江路金鹰店),珠江路1号金鹰北馆F3层,"118.784726,32.051252",餐饮服务;中餐厅;火锅店,025-88816580,,4.4,10:00-22:00,周一至周日 10:00-22:00,重庆火锅
三娃西安特色面馆(吉兆花园店),吉兆营吉兆花园8栋109室(吉兆营清真寺对面),"118.785468,32.052324",餐饮服务;中餐厅;特色/地方风味餐厅,13770327304,12,4.3,07:15-21:00,周一至周日 07:15-21:00,"肉夹馍纯瘦,凉皮,岐山臊子面,油泼扯面,羊肉泡馍,腊汁肉夹馍,鸡蛋凉面,肉夹馍肥瘦,杂酱肉沫拌,三鲜炒面,鸡蛋炒面,西安拉条子,羊肉汤,五香羊肉面,杂酱凉面"
台式烩饭(金银街小区店),上海路158号1栋2单元,"118.774736,32.057582",餐饮服务;中餐厅;台湾菜,025-83308211,17,4.4,09:00-22:00,周一至周日 09:00-22:00,
老街大肉面(南阴阳营小区南区店),南阴阳营1号103室(云南路地铁站2号口步行430米),"118.773606,32.055539",餐饮服务;中餐厅;中餐厅,15150539831,20,4.5,07:00-19:30,周一至周日 07:00-19:30,"大肉面,红烧肉"
北京烤鸭,南秀大厦北门旁,"118.773471,32.054819",餐饮服务;餐饮相关场所;餐饮相关,18061250263,106,4.3,08:00-22:00,周一至周日 08:00-22:00,北京烤鸭
丹枫雨露(广州路店),广州路5号(珠江路地铁站1号口步行200米),"118.782808,32.049751",餐饮服务;中餐厅;中餐厅|生活服务;美容美发店;美容美发店,025-86679002,114,4.2,10:30-23:30,周一至周日 10:30-23:30,
POETS泰狮(金鹰北馆店),珠江路1号金鹰北馆105室,"118.784695,32.051106",餐饮服务;外国餐厅;泰国/越南菜品餐厅,025-88802430,129,4.9,10:30-22:30,周一至周日 10:30-22:30,"泰式奶茶,虾仁,鲍鱼,鱿鱼,鸡肉,大虾,烤串,牛肉,鸡肉串,冬阴功汤,菠萝炒饭,油条,蟹肉,炒饭,拌饭"
老乡鸡(金鹰购物中心店),珠江路金鹰天地负一楼(珠江路地铁站4号口旁),"118.784320,32.050730",餐饮服务;餐饮相关场所;餐饮相关,4007661777,18,4.4,10:00-21:30,周一至周日 10:00-21:30,"农家小炒肉,肥西老母鸡汤,葱油鸡,梅菜扣肉,西红柿炒鸡蛋,老母鸡汤"
米斯特比萨(金鹰北馆店),金鹰北馆(珠江路地铁站3号口步行130米),"118.784899,32.051337",餐饮服务;快餐厅;快餐厅,025-86556923,,3.9,10:00-22:00,周一至周日 10:00-22:00,披萨
芾·西贡越南餐厅(金鹰南馆店),珠江路1号金鹰国际购物中心南馆5楼,"118.784542,32.050899",餐饮服务;外国餐厅;西餐厅(综合风味),025-85208521;18724011515,72,4.3,10:00-21:30,周一至周日 10:00-21:30,"香芋糯米糕,火车头河粉,小吃拼盘,香茅焗鲈鱼,香茅鸡翅,下龙湾甘蔗虾,芒果米糕,鲜椰菠萝炒饭,越式蒸肠粉,虾仁青木瓜丝,酸辣海鲜河粉,炸春卷,香茅鸡腿,榴莲糯米糕,椰汁咖喱鸡,糯米糕,鸡腿,菠萝炒饭"
老地方(南京鼓楼区),上海路160号金银街(云南路地铁站2号口步行150米),"118.774575,32.057598",餐饮服务;中餐厅;中餐厅,025-86636278;13016960248,40,4.4,10:30-21:00,周一至周日 10:30-21:00,酸菜鱼
南京宝莱纳啤酒花园,广州路123号苏宁环球大厦斜对面,"118.775359,32.050370",餐饮服务;外国餐厅;西餐厅(综合风味),025-83117188;025-83233999,115,4.5,11:00-02:30,周一至周日 11:00-02:30,"慕尼黑黑啤,香肠拼盘,啤酒,德式烤猪肘,英式炸鱼配薯条,土豆泥,黄啤加雪碧,白啤加雪碧,德国猪手,烤牛排,烤鸡翅膀,白黄黑啤酒,洋葱圈,意式肉酱面,牛角面包,精酿啤酒,香肠,猪肘"
港师傅·菠萝包(金银街店),上海路金银街1-1号(云南路地铁站2号口步行170米),"118.774663,32.057780",餐饮服务;餐饮相关场所;餐饮相关,13910617685,,4.3,12:00-21:00,周一至周日 12:00-21:00,菠萝包
杰克地方西餐厅(上海路店),上海路160号(云南路地铁站2号口步行160米),"118.774482,32.057584",餐饮服务;外国餐厅;西餐厅(综合风味),025-83323616;13645197350,70,4.3,10:30-24:00,周一至周日 10:30-24:00,"香烤鸡翅,奶油蘑菇汤,切片,越南红心火龙果切,意大利海鲜汤,上海8424无籽西瓜,卡布拉那,日式咖喱牛肉饭,扒火腿芝士三明治,泰国芒果,日式咖喱鸡饭,咖喱猪排饭,菲律宾凤梨,优质红富士,2个,埃及甜橙,奶油芝士汁,意式蔬菜汤,玛格丽塔披萨（12寸）,日式牛肉饭,新奇士橙,美国大红提,1斤,越南白心火龙果切,蒜蓉面包,肉眼牛排,玛格丽塔披萨（9寸）,香蕉,5根,海鲜汁,日式猪排饭,松子香草汁,培根奶酪土豆,越南白心火龙果,1个,越南红心火龙果,优质雪梨,意面"
京和风食堂·锅物串烧定食(珠江路金鹰店),珠江路金鹰购物中心负一层AB1-00059商铺,"118.784619,32.050758",餐饮服务;快餐厅;快餐厅,13851803592;18014842625,53,4.3,10:00-21:30,周一至周日 10:00-21:30,"牛肉,寿喜锅"
皆道拌麻辣烫(吉兆花园店),吉兆花园9一3号(珠江路地铁站3号口步行210米),"118.785811,32.052454",餐饮服务;快餐厅;快餐厅,13770330520;15722927830,31,4.1,24小时营业,周一至周日 00:00-24:00,"麻辣烫,麻辣拌"
七侍SEVENTOR(金鹰北馆店),金鹰北馆(珠江路地铁站4号口步行140米),"118.785036,32.051204",餐饮服务;中餐厅;中餐厅,025-88816976,,4.7,11:00-22:00,周一至周日 11:00-22:00,"寿喜锅,鱿鱼,豆腐,三文鱼,雪媚娘,猪排饭,猪排,牛肉,鱼子酱,鹅肝,甜筒,牛肉丸"
东北水饺五谷渔粉,新街口街道丹凤街尖角营4室103室,"118.785943,32.055983",餐饮服务;中餐厅;中餐厅,13644543886;15802421577,21,4.5,11:00-22:00,周一至周日 11:00-22:00,锅包肉
小杨砂锅,唱经楼西街59号(珠江路地铁站3号口步行420米),"118.786166,32.053630",餐饮服务;中餐厅;中餐厅,19941985747,,4.4,,,"芋圆,炸酱面"
杨记面馆(丹凤店),丹凤街唱经楼西街59号,"118.786182,32.053679",餐饮服务;中餐厅;中餐厅,13951870298;18652926978,20,4.5,07:30-19:30,周一至周日 07:30-19:30,
鸡鸣汤包(汉口西路店),汉口西路22号一楼苏果超市西侧,"118.773208,32.054830",餐饮服务;中餐厅;中餐厅,025-57714551;13337707303;13901592602,21,4.8,06:30-21:00,周一至周日 06:30-21:00,"鸡汁汤包,蟹黄汤包,鸡汤馄饨,金牌鸭血粉丝汤,菊叶汤包,桂花糖芋苗,赤豆小元宵,鸡肫鸡丝面/米线,肉包,糖芋苗,大肉包,汤包,鸭血粉丝汤,豆沙包"
光头鸡(尖角营店),丹凤街尖角营4号(鼓楼地铁站1号口步行490米),"118.785958,32.056049",餐饮服务;餐饮相关场所;餐饮相关,13584009610,83,4.1,11:00-03:00,周一至周日 11:00-03:00,
紫滇源云南生态菜(丹凤街店),唱经楼西街59号103室,"118.786205,32.053553",餐饮服务;中餐厅;云贵菜,025-86461717,73,4.5,11:00-14:00 16:30-21:00,"周一至周日 11:00-14:00,16:30-21:00 2025-01-28至2025-01-28 全天关闭","柠檬手撕鸡,香茅草烤罗非鱼,老奶洋芋,菠萝饭,酸腌菜炒肉,小锅米线,烤猪皮,鸡丝凉米线,酸木瓜炒牛肉,豌豆粉米线,傣家竹筒饭,烤牛舌,火烤五花肉,茉莉花炒鸡蛋,酸腌菜炒洋芋,手抓饭,小炒黄牛肉,牛肉"
紫菜馄饨(唱经楼西店),唱经楼西59号(珠江路地铁站3号口步行470米),"118.786250,32.053618",餐饮服务;中餐厅;中餐厅,13584097758,8,4.1,05:30-13:48,周一至周日 05:30-13:48,
泰姬玛哈印度料理(上海路店),上海路187-1号(云南路地铁站2号口步行390米),"118.773471,32.056300",餐饮服务;外国餐厅;印度风味,,84,4.2,10:30-22:30,周一至周日 10:30-22:30,
紫燕百味鸡(上海路店),汉口西路22号上海路农贸市场内卤菜熟食4-6号,"118.773087,32.054873",餐饮服务;中餐厅;中餐厅,13350754178,35,4.5,08:00-18:30,周一至周日 08:00-18:30,"藤椒鸡,夫妻肺片,百味鸡"
陇上秦轩(金鹰购物中心店),珠江路1号金鹰国际购物中心(珠江路店)南馆B1层,"118.784747,32.050676",餐饮服务;中餐厅;中餐厅,18020125987,,4.2,,,
滕家大院,湖南路街道北京西路12号,"118.776641,32.059392",体育休闲服务;休闲场所;休闲场所,,,4.3,09:00-14:00 16:00-22:00,"周一至周日 09:00-14:00,16:00-22:00",
徐家酥烧饼,唱经楼西街59号(珠江路地铁站3号口步行480米),"118.786316,32.053608",餐饮服务;快餐厅;快餐厅,13057695865,4,3.9,06:30-18:00,周一至周日 06:30-18:00,酥烧饼
靖小馆·大馄饨(上海路店),上海路209号1幢101室,"118.774093,32.057439",餐饮服务;中餐厅;中餐厅,17372952282,32,4.4,10:00-21:00,周一至周日 10:00-21:00,"大馄饨,卤鸡爪"
卢记小馆(南阴阳营小区南区店),南阴阳营3号(云南路地铁站2号口步行470米),"118.773142,32.055491",餐饮服务;中餐厅;湖南菜(湘菜),13915963324;15996237531,45,4.3,11:30-13:30 17:30-21:30,"周一至周日 11:30-13:30,17:30-21:30","酸菜鸡,京酱肉丝,酸菜鱼,鸡肉"
阿爸饭桌(上海路店),上海路209号南楼102,"118.774045,32.057420",餐饮服务;外国餐厅;韩国料理,17372759220;18001580302,,4.6,11:00-13:30 17:00-20:30,周一至周日 11:00-13:30，17:00-20:30,"部队锅,鱿鱼,炸酱面"
披萨大叔,宁海路街道汉口西路22号上海路菜场53号,"118.772985,32.055066",餐饮服务;快餐厅;快餐厅,15365114090;18012979506,47,4.8,11:00-22:00,周一至周日 11:00-22:00,"奶酪蘑菇披萨,独家秘制蒜椒披萨,全是果肉榴莲披萨,罗勒通心粉,克诺斯顿披萨,双料榴莲披萨,水果色拉,意面,披萨,奶酪"
土菜馆(恒基中心公寓店),丹凤街33-2号(金润发停车场),"118.786472,32.054874",餐饮服务;中餐厅;中餐厅,025-66923177;025-83210176;13770569441,39,3.9,10:00-23:00,周一至周日 10:00-23:00,干锅牛蛙
烧鸟舅舅(丹凤街店),唱经楼西街1-13号,"118.786425,32.053434",餐饮服务;餐饮相关场所;餐饮相关,15190498770,,4.5,11:30-13:30 17:30-22:00,"周一至周日 11:30-13:30,17:30-22:00",烧鸟
大宝麻辣烫(丹凤街店),丹凤街39号(近金润发),"118.786470,32.055103",餐饮服务;中餐厅;特色/地方风味餐厅,13914765137;18851141181,16,4.1,10:00-23:00,周一至周日 10:00-23:00,麻辣烫
老七家牛肉锅贴店(湾牛肉锅贴店),丹凤街金润发旁33-8,"118.786517,32.054829",餐饮服务;中餐厅;中餐厅,025-66634720;13913827994,10,4,06:30-21:00,周一至周日 06:30-21:00,"锅贴,牛肉锅贴"
老新隆李氏牛肉锅贴(及及广场店),珠江路2-4号及及广场-07,"118.784294,32.050083",餐饮服务;餐饮相关场所;餐饮相关,,,4.3,,,牛肉锅贴
自选王壹号大食堂,珠江路唱经楼28号(珠江路地铁站3号口步行490米),"118.786487,32.053597",餐饮服务;餐饮相关场所;餐饮相关,17749552341,24,4.4,05:30-20:30,周一至周日 05:30-20:30,韩式料理
觅洞炭火烤肉酒肆(及及广场店),珠江路2号及及广场2层(金鹰对面),"118.784353,32.050121",餐饮服务;餐饮相关场所;餐饮相关,13813949851,95,4.5,11:00-14:00 16:30-22:00,"周一至周日 11:00-14:00,16:30-22:00","双味烤肠,甄选全牛拼盘,秘制肥牛,原切牛仔骨,牛肋条,雪花牛霖肉,炭火烤肉,烤肉,牛肉"
苏客(恒基中心公寓店),丹凤街25号金润发(珠江路地铁站3号口步行490米),"118.786559,32.054241",餐饮服务;中餐厅;中餐厅,025-86515917;17302540132,17,4.2,07:00-21:00,周一至周日 07:00-21:00,"外婆菜,西红柿炒蛋,年糕排骨,三杯鸡"
二十道风味(金润发购物中心店),丹凤街与薛家巷交叉口西北100米,"118.786550,32.054858",餐饮服务;餐饮相关场所;餐饮相关,15380842668;18114925605,69,4.1,10:30-22:30,周一至周日 10:30-22:30,
哈尔滨水饺(吉兆花园店),唱经楼西街7号吉兆花园,"118.786129,32.052312",餐饮服务;中餐厅;中餐厅,15380423789;15805163633,,4.4,09:00-23:00,周一至周日 09:00-23:00,
源制源味融合菜(唱经楼小区店),唱经楼1-11号,"118.786486,32.053414",餐饮服务;中餐厅;中餐厅,13770559191;13815895202,69,4.7,09:00-22:00,周一至周日 09:00-22:00,融合菜
古南都饭店调和元年(广州路店),广州路208号一楼,"118.773934,32.051218",餐饮服务;中餐厅;中餐厅,15335189195;15335189207;15335189318,66,4.5,11:00-19:30,周一至周日 11:00-19:30,"泡菜鸭掌,宫保鸡丁,辣子凤节骨,鱼香肉丝,泰式咖喱虾,麻婆豆腐,酸汤鱼片,鼓汁排骨,藤椒猪手,黄焖牛掌,伴汤牛首,牛肉馄饨,豆沙包"
港师傅菠萝包(丹凤街店),唱经楼西街7号105室,"118.786495,32.053366",餐饮服务;餐饮相关场所;餐饮相关,13924213827,,4.2,07:30-21:00,周一至周日 07:30-21:00,菠萝包
三顾冒菜(珠江路店),唱经楼28号,"118.786550,32.053538",餐饮服务;快餐厅;快餐厅,17712885757,29,4.4,09:30-21:30,周一至周日 09:30-21:30,
晚自习高烤(南京总店),鼓楼街5号104室(鼓楼地铁站6号口步行260米),"118.780882,32.060163",餐饮服务;餐饮相关场所;餐饮相关,15380403815,,4.4,10:00-04:00,周一至周日 10:00-04:00,
粥世佳(吉兆花园店),丹凤街吉兆花园4号105,"118.786207,32.052334",餐饮服务;餐饮相关场所;餐饮相关,15651713184;18795964166,,4,05:00-21:00,周一至周日 05:00-21:00,
和善园(华阳大厦店),南师大附中鼓楼街5-1号,"118.780798,32.060189",餐饮服务;餐饮相关场所;餐饮相关,15996492013;18260091984;18715029773,21,4,06:00-19:00,周一至周五 06:00-19:00；周六至周日 06:00-19:00,"玫瑰豆沙包,紫薯包,三鲜菜包,玫瑰豆豆沙包,鲜肉大包,青团,牛肉,肉包,菜包,豆沙包,梅干菜"
鱼你在一起(恒基中心公寓店),丹凤街29号大润发一层,"118.786668,32.054497",餐饮服务;餐饮相关场所;餐饮相关,13770909712,,4.2,09:00-21:00,周一至周日 09:00-21:00,
円满烧肉(唱经楼小区店),唱经楼西街1-10(派出所对面),"118.786561,32.053309",餐饮服务;外国餐厅;日本料理,025-83197877,,4.4,11:00-02:00,周一至周日 11:00-02:00,"丼饭,鳗鱼,鳗鱼饭,烧肉,金枪鱼,牛肉,烤肉"
旺四海渣渣牛肉(南京店),鼓楼二条巷7号楼101室,"118.780494,32.060252",餐饮服务;中餐厅;中餐厅,,,4.5,11:00-21:30,周一至周日 11:00-21:30,
凤鸣小厨(恒基公寓店),唱经楼西街28号,"118.786603,32.053458",餐饮服务;中餐厅;综合酒楼,025-82229379;15995660923,60,4.6,09:00-24:00,周一至周日 09:00-24:00,
红杏酒家(鼓楼·荔枝广场店),北京东路4号荔枝广场5层,"118.785570,32.057595",餐饮服务;中餐厅;中餐厅,025-58818333,140,4.7,11:00-14:30 17:00-21:30,"周一至周日 11:00-14:30,17:00-21:30","红杏鸡,精品毛血旺,鸡丝凉面,美味蕨根粉,沙拉酱凉拌冰草,鳝段粉丝,烤乳鸽,蒜香石锅牛蛙,米耙,酸汤江团,三味雪花牛,担担面,脆皮豆腐,霸王蟹,蒜香牛仔骨,回锅肉,虾球,牛蛙,麻婆豆腐,羊肉,毛血旺,牛肉,拌面,水煮肉片,鸡皮,鸡肉,夫妻肺片,豆汤饭,辣子鸡"
老娘舅(鼓楼·荔枝广场店),北京东路4号荔枝广场3楼,"118.785479,32.057722",餐饮服务;中餐厅;中餐厅,025-84728018;18751282973,36,4.1,10:00-21:00,周一至周日 10:00-21:00,"杨梅汁,蜜汁鸡翅,梅干菜扣肉,炖蛋,橙汁,茶树菇老鸭,江南红烧鱼,鱼肉狮子头,冰镇黄桃,水蒸蛋千张包,红烧鱼,蒸蛋,辣子鸡,工作餐,鱼香肉丝"
夏记小馆(鼓楼·荔枝广场店),北京东路4号鼓楼·荔枝广场F3层,"118.785641,32.057512",餐饮服务;餐饮相关场所;餐饮相关,,105,4.2,10:00-21:00,周一至周日 10:00-21:00,
元满烧鸟居酒屋,唱经楼西街3-7号唱经楼小区,"118.786605,32.053287",餐饮服务;外国餐厅;日本料理,,,4.2,,,"居酒屋,烧鸟"
肯德基(学府店),丹凤街39号金润发购物中心1层,"118.786736,32.054263",餐饮服务;快餐厅;肯德基,025-83222982;4008823823;4009200715,44,4.8,10:00-23:00,周一至周日 10:00-23:00,"KFC老北京鸡肉卷,肯大大鸡排,黄金鸡块,蔬菜沙拉,香辣鸡翅,小食拼盘,玉米沙拉,红豆派,KFC香辣（劲脆）鸡腿堡,鸡米花,现磨咖啡,吮指原味鸡,新奥尔良烤鸡腿堡,薯条,葡式蛋挞,KFC芋缘花淇淋,芋缘花淇淋,海苔岩烧大鸡腿饭,醇香土豆泥,可乐,伴柠伴桔鲜果茶,土豆泥,老北京鸡肉卷"
蟹员外蟹黄面(珠江路店),珠江路2号中山大厦一楼,"118.784643,32.050124",餐饮服务;中餐厅;中餐厅,13655160908;17312238797,52,4.8,08:00-22:00,周一至周日 08:00-22:00,"蟹黄汤包,蟹粉,拌面,蟹黄面,蟹黄,蟹肉,捞饭"
天一料理(鼓楼·荔枝广场店),北京东路4号荔枝广场F2层,"118.785480,32.057792",餐饮服务;外国餐厅;日本料理,13222436623;18652959595,50,4.3,10:00-21:00,周一至周日 10:00-21:00,"咖喱牛肉饭,蟹子手卷,脆皮香蕉,甜虾寿司,北极贝寿司,天妇罗手卷,牛油果手卷,回锅肉饭,寿司拼盘,海老寿司,鳗鱼手卷,三文鱼寿司,鳗鱼寿司,三文鱼手卷,鹅肝寿司,金枪鱼寿司,咖喱猪排,海草沙律,料理"
三猫黑鱼花(南大店),珠江路2-4号及及广场二楼,"118.784423,32.049947",餐饮服务;中餐厅;中餐厅,18021537138,93,4.8,10:30-14:00 17:00-21:00,周一至周日 10:30-14:00，17:00-21:00,"黑鱼,糍粑,蒜泥白肉,小酥肉,宽粉,包浆豆腐,藤椒鱼,花甲,冰粉,酸菜鱼,牛肉,炸土豆"
御料亭(鼓楼·荔枝广场店),北京东路四号荔枝广场4楼(江苏卫视旁),"118.785493,32.057789",餐饮服务;外国餐厅;日本料理,025-85896077;15366166557,140,4.5,10:00-23:00,周一至周日 10:00-23:00,"李公主卷,三文鱼刺身,酱烤牛舌,牛肉寿喜锅,豚骨拉面定食,三文鱼大腩,烤整鱿鱼,烤鳗鱼饭,串烧拼盘八本,樱花卷,酱烤鳗鱼,波子汽水,亲子饭,土豆色拉,烤和牛,豚骨拉面,炸豆腐,三文鱼,寿喜锅,刺身"
小肥羊回转火锅(鼓楼·荔枝广场店),北京东路4号鼓楼·荔枝广场F2层,"118.785877,32.057266",餐饮服务;中餐厅;火锅店,,,3.8,10:00-21:00,周一至周日 10:00-21:00,回转火锅
月星餐厅,北京西路10号1幢3单元,"118.776570,32.059725",餐饮服务;中餐厅;海鲜酒楼,13776602480,38,4.6,10:00-21:30,周一至周日 10:00-21:30,酸菜鱼
古南都遂心遂意自助餐厅,广州路208号古南都饭店1层(近五台山体育中心),"118.773450,32.051618",餐饮服务;外国餐厅;西餐厅(综合风味),,114,4,06:00-22:00,周一至周日 06:00-22:00,"三文鱼,羊排,冰淇淋,牛排,甜点,寿司,刺身,蜗牛,布朗尼,奶酪布丁,麻辣烫,布丁,法式生蚝,羊切骨,鸡翅,自助餐"
叶新鸭血粉丝汤(及及广场店),及及广场(珠江路地铁站4号口步行130米),"118.784658,32.050108",餐饮服务;中餐厅;中餐厅,18951877070,,4.1,24小时营业,周一至周日 00:00-24:00,鸭血粉丝汤
桂皖小吃,同仁西街16-6号(珠江路地铁站3号口步行220米),"118.785951,32.051560",餐饮服务;餐饮相关场所;餐饮相关,15380843252,,4.5,10:00-21:00,周一至周日 10:00-21:00,
茶悦笼蟹黄汤包(南京珠江路店),中山大厦及及广场一楼(珠江路地铁站4号口步行140米),"118.784689,32.050120",餐饮服务;餐饮相关场所;餐饮相关,025-88816959,31,4.6,07:00-22:00,周一至周日 07:00-22:00,"三丁包,早茶,蟹黄汤包"
古南都饭店·民食國粹,广州路208号,"118.773529,32.051454",餐饮服务;中餐厅;江苏菜,025-86622941,23,4.1,10:00-14:00 17:00-21:30,周一至周日 10:00-14:00，17:00-21:30,"红花鳕鱼天鹅蛋,樱花蛋饼香煎饺,糕点,咸黄油香煎龙虾,新派马蹄杏菇夹,鸡纵菌酿虾胶翡翠雪花牛,甜点心,美极浸双椒,排骨,点心,铁板豆渣嫩牛蛙,荠菜野生江回鱼,鳕鱼,蛋饼,荠菜,黄油,马蹄"
小渝快毛血旺(鼓楼·荔枝广场店),荔枝广场二楼(鼓楼地铁站1号口步行360米),"118.785905,32.057287",购物服务;购物相关场所;购物相关场所,15162142074,,3.8,10:30-21:00,周一至周日 10:30-21:00,毛血旺
乐百丽比萨(鼓楼·荔枝广场店),北京东路4号荔枝广场1楼汉堡王旁边,"118.785632,32.057673",餐饮服务;快餐厅;快餐厅,15380827045,56,3.9,09:30-22:00,周一至周日 09:30-22:00,"金枕榴莲,奥尔良鸡翅,沙拉,德国猪手,咖喱鸡翅,牛油果大虾,土豆牛肉披萨,猫山王榴莲披萨,新奥尔良烤翅,金枕榴莲披萨,牛油果奶霜,龙虾披萨,香芒熏鸡,番石榴汁,D24榴莲披萨,榴莲披萨,披萨"
夜上海(荔枝广场店),北京东路4号荔枝广场F10层,"118.785538,32.057798",餐饮服务;中餐厅;中餐厅,025-57019797;025-57029797;15810187891,123,4.7,11:00-14:00 17:00-21:00,"周一至周日 11:00-14:00,17:00-21:00","上海红烧肉,上海生煎包,香炸小鹿排,金牌手撕鸽,红烧大巴鱼,焖锅牛腩,老卤面,舌尖上的一把手,鲍鱼捞饭,盐水乳鸽,金陵盐水鸭,干锅包菜,干烧辽参,吊烧鸡,冬笋虾饺"
那古野日本料理,广州路208号南京古南都饭店4楼,"118.773434,32.051565",餐饮服务;外国餐厅;日本料理,,308,3.9,11:30-13:30 17:30-21:00,"周一至周日 11:30-13:30,17:30-21:00","生鱼片,烤鳗,炸天妇罗,寿司,西京烤鳕鱼,刺身七拼,烤三文鱼,北极贝,灌蒸松茸汤,清酒,什锦牛肉锅,刺身拼盘,铁板烧,象拔蚌刺身,冰极刺青龙,素面,日本料理"
俺村小院(唱经楼小区店),丹凤街唱经楼1-7号(珠江路地铁站3号口步行480米),"118.786704,32.053211",餐饮服务;中餐厅;中餐厅,025-83226683;15996370510,57,4.4,09:00-23:30,周一至周日 09:00-23:30,"香波里脊,美果炒西芹,干锅手抓骨,鲈鱼,锅巴"
老汪柴火馄饨(随园大厦店),华侨路街道广州路与上海路交叉口随园大厦一楼,"118.773659,32.051174",餐饮服务;中餐厅;中餐厅,15365158815,11,4.2,09:00-17:00,周一至周日 09:00-17:00,柴火馄饨
安庆馄饨,珠江路199号(新世界百货对面),"118.786430,32.052315",餐饮服务;中餐厅;中餐厅,13851497107,9,3.8,06:00-24:00,周一至周日 06:00-24:00,
汉堡王(南京江苏电视台),北京东路4号广电城二期商业项目二层206室,"118.785647,32.057758",餐饮服务;快餐厅;快餐厅,025-58705055;4008988788,61,4.6,07:00-22:00,周一至周日 07:00-22:00,"芝士酱薯条,至尊皇堡,辣鸡条,王道川蜀鸡翅,火炬冰淇淋,超大薯霸王,樱仑风情新地,蘑菇芝士皇堡,藤椒鸡汉堡套餐,洋葱圈布朗尼,水果新地,王道黑椒鸡腿,爆浆芝士鸡排堡,鲍汁烤大菇牛堡,炫辣鸡腿堡,鸡块,薯条,汉堡"
麦当劳(南京中山餐厅),珠江路4号南京中山大厦1层,"118.784748,32.050074",餐饮服务;快餐厅;麦当劳,025-83359770;4008517517,25,4.5,06:00-24:00,周一至周日 06:00-24:00,"麦当劳超值嗨餐,（2-3人餐）,家有金桶（脆鸡版）,安格斯系列,大脆鸡扒麦满分组合,人气美味尽享套餐,板烧美味三件套,原味板烧鸡腿麦满分组合,麦辣美味三件套,麦辣鸡腿堡,家有金桶（汉堡版）,可乐鸡翅,巨无霸汉堡,薯条,大鸡排,汉堡,鸡翅,巨无霸"
老头盖浇饭(同仁小学店),同仁西街16-7号(近土地局),"118.785986,32.051469",餐饮服务;中餐厅;中餐厅,025-57718177;13912995185;18112936182,22,4.4,10:00-21:00,周一至周日 10:00-21:00,"鱼香肉丝盖浇饭,老头盖浇饭,火锅肉盖浇饭,老头盖浇饭（招牌）,鱼香茄子,鲜肉虾仁大馄饨"
泽厨记抓饭(吉兆花园店),吉兆花园4号101室(珠江路地铁站3号口步行280米),"118.786440,32.052307",餐饮服务;中餐厅;清真菜馆,13921704025,31,4.8,10:30-21:00,周一至周日 10:30-21:00,"抓饭,羊肉"
老地方菜馆,同仁西街16号-4(珠江路地铁站3号口步行220米),"118.785990,32.051416",餐饮服务;中餐厅;中餐厅,18625171868,32,4.1,09:00-24:00,周一至周日 09:00-24:00,
三两三川渝冒肚(玄武店),中山路200号中山大厦(近珠江路地铁站),"118.784317,32.049694",餐饮服务;中餐厅;中餐厅,18951930086,,4.7,10:30-23:00,周一至周日 10:30-23:00,"冰粉,千层肚,毛肚"
韵味居湘菜馆(新世界百货珠江路创业大街店),同仁小学西门南70米(珠江路地铁站4号口步行240米),"118.785928,32.051302",餐饮服务;中餐厅;湖南菜(湘菜),025-83216579,34,4.5,09:30-14:00 16:30-21:30,"周一至周日 09:30-14:00,16:30-21:30","包浆豆腐,糖油粑粑"
朱鹭欧风咖喱专门店,北东瓜市与宁海路交叉口东80米,"118.772531,32.053695",餐饮服务;中餐厅;中餐厅,,,4,,,
蝉芳·家庭料理,北东瓜市6-2蝉芳,"118.772510,32.053827",餐饮服务;中餐厅;中餐厅,18114929760,,4.1,11:00-21:00,周一至周日 11:00-21:00,料理
翠香阁潮州菜馆(及及广场店),珠江路2-4号(珠江路地铁站1号口步行130米),"118.784320,32.049627",餐饮服务;中餐厅;潮州菜,025-83603108,97,4.5,07:00-14:00 16:30-21:30,"周一至周五 09:30-14:00,16:00-21:30；周六至周日 07:00-14:00,16:30-21:30","翠香虾饺皇,豉汁蒸凤爪,肠粉,秘制榴莲酥,蟹黄汤包,金牌叉烧酥,蛋挞,牛腩,干炒牛河,叉烧包,蒜香排骨,炒牛河,煎饺,鱼片粥,脆皮乳鸽,虾仁,皮蛋瘦肉粥,煲仔饭"
蓝雀小馆·市井老南京菜(及及广场店),及及广场(珠江路地铁站4号口步行150米),"118.784758,32.049951",餐饮服务;中餐厅;中餐厅,18001599167,,4.2,09:00-22:00,周一至周日 09:00-22:00,"大盘鸡,家常菜"
贺记大碗皮肚面(同仁西街店),同仁西街16-1号(珠江路地铁站4号口步行240米),"118.785996,32.051290",餐饮服务;餐饮相关场所;餐饮相关,13382019353,22,4.4,08:00-20:00,周一至周日 08:00-20:00,
便民菜馆(西街店),丹凤街唱经楼西街1-6号,"118.786823,32.053083",餐饮服务;中餐厅;中餐厅,15850658845,35,3.9,10:00-22:00,周一至周日 10:00-22:00,"肉丝鸡蛋炒饭,德国咸猪手,绿茶佛饼,酸菜鱼,香辣馋嘴牛蛙,鹌鹑蛋烧肉"
袁记云饺(及及广场店),珠江路2-4号,"118.784985,32.050094",餐饮服务;中餐厅;特色/地方风味餐厅,15391867572,,4.1,08:00-21:00,周一至周日 08:00-21:00,
花千醉拾季(鼓楼·荔枝广场店),北京东路4号鼓楼·荔枝广场F4层,"118.786078,32.057431",餐饮服务;餐饮相关场所;餐饮相关,,,4.1,10:30-21:00,周一至周日 10:30-21:00,
暖暖小馆(及及广场店),南京市及及广场2楼,"118.784696,32.049818",餐饮服务;餐饮相关场所;餐饮相关,19941500216,,4.7,11:00-14:00 16:30-21:30,"周一至周日 11:00-14:00,16:30-21:30","小炒黄牛肉,糖醋排骨,排骨,鸡肉,辣子鸡"
临榆炸鸡腿(江苏南京丹凤街店),新街口街道丹凤街73号110室-1,"118.786993,32.055257",餐饮服务;快餐厅;快餐厅,18018095204;4006586528,,4.3,,,炸鸡腿
梁记皮肚面,吉兆花园1号107室(珠江路地铁站3号口步行290米),"118.786660,32.052324",餐饮服务;快餐厅;快餐厅,15805170630,53,4.2,17:00-12:30,周一至周日 17:00-12:30,"皮肚面,炸串"
缇香阁菜馆(唱经楼店),唱经楼西街1-4号(近新街口派出所),"118.786905,32.052992",餐饮服务;中餐厅;中餐厅,13505143837;13913841323,20,4.4,08:30-02:00,周一至周日 08:30-02:00,"咸蛋黄烤鸭粥,蒙古馅饼,冬菇鸡腿粥,滑菇鸭舌粥,皮蛋瘦肉粥,料烧鸭炒饭,鱼汤面,酸菜鱼泡饭,虾仁粥,腊八粥,口蘑鱼酥粥,蛋黄贡丸粥,炒面,鱼香肉丝炒饭,火饺,烤鸭,牛肉炒饭,炒饭"
丹凤街杨国福麻辣烫店,丹凤街都司巷1号天创大厦,"118.787026,32.053553",餐饮服务;中餐厅;特色/地方风味餐厅,13739185252,,4.3,09:00-23:00,周一至周日 09:00-23:00,
膳当家黄焖鸡米饭(天创大厦店),丹凤街17号,"118.787037,32.053611",餐饮服务;中餐厅;中餐厅,15261830378;18021548884,19,4.8,10:00-21:00,周一至周日 10:00-21:00,"黄焖鸡米饭,黄焖鸡,鸡肉"
一哥卷饼(丹凤街店),丹凤街尖角营31号101室(金润发超市旁),"118.787049,32.055174",餐饮服务;餐饮相关场所;餐饮相关,18779803562;19851408183,13,4.5,08:00-22:00,周一至周日 08:00-22:00,
刘家大院·新派南京菜(天创大厦店),丹凤街17号二楼(好旺鸡中国炒鸡二层楼上),"118.787044,32.053545",餐饮服务;中餐厅;中餐厅,13951674448;19951797797,,4.8,10:00-14:00 16:00-21:00,"周一至周日 10:00-14:00,16:00-21:00","本帮红烧肉,红烧肉,特色菜,招牌牛肋骨,梅干菜蒸鲜鱿,堂灼新派毛血旺,冰镇龙虾,老妈菜护心肉,小米椒牛蛙,虾汤老豆腐,碧绿百合酿羊肚菌,芥味海底脆,新鲜南京熏鱼,有机大鱼头配米饭,芥末虾球,茶油草鸡焖鲍鱼,私房脆肉,黑松露山药煎虾球,家烧大鱼头,蒜蓉蒸鲜鱿,软兜长鱼捞饭,黑松露山药剪虾球,金陵素什锦,脆皮妙龄乳鸽,水晶肴肉,虾球,软兜长鱼,老豆腐"
绝味鸭脖(丹凤街店),丹凤街尖角营31号,"118.787047,32.055223",餐饮服务;餐饮相关场所;餐饮相关,13301592643,21,4.1,08:00-22:00,周一至周日 08:00-22:00,
插花牛肉汤馆(吉兆花园店),吉兆花园1号110号(珠江路地铁站3号口步行300米),"118.786713,32.052327",餐饮服务;中餐厅;中餐厅,15805586130;18712659877,23,4.5,08:30-24:00,周一至周日 08:30-24:00,插花牛肉汤
徐家鸭子店(丹凤街店),丹凤街17号-6(珠江路地铁站3号口步行490米),"118.787041,32.053462",餐饮服务;快餐厅;快餐厅,17714416517,,4.7,08:00-20:00,周一至周日 08:00-20:00,"鸭爪,鸭翅,盐水鸭,南京烤鸭,卤菜,烤鸭,鸭肉"
拾捌川·自贡爆炒(丹凤街店),丹凤街都司巷1号天创大厦F2层,"118.787068,32.053541",餐饮服务;中餐厅;中餐厅,18005145686;18255051614,,4.6,11:00-14:00 16:30-21:00,周一至周日 11:00-14:00，16:30-21:00,"鸡肉,盐帮菜"
好旺鸡中国炒鸡(丹凤街店),丹凤街都司巷1号天创大厦,"118.787068,32.053538",餐饮服务;中餐厅;中餐厅,13851845961,,4.4,,,
