name,dp_cost,dp_rating,dp_taste_rating,dp_env_rating,dp_service_rating,dp_comment_num,dp_recommendation_dish,dp_comment_keywords,dp_top3_comments
巴蜀鱼花(南大店),65,4.6,4.6,4.5,4.6,252,"巴蜀麻辣黑鱼花,渣渣土豆,甜蜜小冰粉,红糖糍粑,巴蜀藤椒黑鱼花,巴蜀酸菜黑鱼花,小炒黄牛肉,辣子鸡丁,巴蜀葱香黑鱼花,麻辣蹄花","{""服务热情: 59"", ""味道赞: 57"", ""肉类好: 28"", ""菜品不错: 21"", ""海鲜棒: 10"", ""上菜快: 8"", ""主食赞: 8"", ""不用排队: 4"", ""朋友聚餐: 5"", ""约会圣地: 2""}","[(""2025-05-23"", ""点了招牌麻辣黑鱼花 鱼香肉丝 还有一份西红柿滑肉汤 中午吃饭的人还挺多 服务员感觉就是老板和老板娘两人 招牌黑鱼花确实很不错 鱼肉很嫩 个别别的有些小刺 底下铺的土豆片和莴笋片 —— 等的好吃 鱼香肉丝算是地道做法了 没有笋丝木耳胡萝卜这些 就是豆掰酱葱和肉丝 完美鱼香甜口 这道菜绝了 西红柿滑肉汤差评 甚至没放盐 滑肉也不鲜嫩 肉腥味大 木薯粉裹的太厚 汤里西红柿味道也不浓郁 虽然一锅看着红彤彤的 建议店家更新菜单 把这道菜替换为番茄小肉圆汤 放点木耳丝 金针菇丝 撒点葱花 丰富口感 「巴蜀麻辣黑鱼花」「鱼香肉丝」味道老灵了 推荐：巴蜀麻辣黑鱼花 鱼香肉丝""), (""2025-05-23"", ""今天和朋友在曾经熟悉的南京大学门口逛吃，正门边上的巴蜀鱼花吸引了我们，店在二楼，不大，基本都是条桌，主营川味鱼。点了套餐，含冰粉，土豆，红糖粑粑，川味小吃，除了土豆有点咸，其它都挺好的。鱼我们点了一份，不够，又点了一份""), (""2025-05-21"", ""在南大汉口路门口的小店，周末上完课跟同学过来。「巴蜀麻辣黑鱼花」推荐，招牌菜了，必点。「渣渣土豆」这个也是必点，好吃的。「红糖粑粑」「甜蜜小冰粉」算是小吃吧，都挺好的。「蛋黄豆腐」这个不辣，不能吃辣的放心点。小酥肉和毛血旺也不错。... 推荐：巴蜀麻辣黑鱼花 渣渣土豆"")]"
陕老顺肉夹馍,20,3.4,3.4,3.6,3.5,54,"招牌油泼面,岐山臊子面,纯瘦肉夹馍,麻酱凉皮,biangbiang 面,番茄鸡蛋面,牛肉牛筋面,鸡腿,酸辣砂锅米线,青椒肉夹馍","{""味道赞: 12"", ""口感赞: 4"", ""空间大: 3"", ""服务热情: 3"", ""干净整洁: 3"", ""肉夹馍: 20"", ""午餐: 7"", ""工作餐: 3"", ""分量少: 4""}","[(""2025-04-21"", ""面香不够，辣油也不辣不香，整体没有油泼的质感，牛肉倒挺香，收银员不够热情，一直挂着脸，作为一个面馆，桌上不放纸巾不太好，还有就是加面条竟然还额外收费，这点不太友好，环境还行，收拾很干净 推荐：招牌油泼面""), (""2025-04-03"", ""出乎意料的精致！看起来就很有食欲，并且用料很丰富，口感不错好评！很好吃，口感很细腻，和图片上描述一致，非常好，我很喜欢 简直是宝藏，太好吃了，给的量也太足了！一周两次都吃不过。特别是凉皮，吃着很好吃""), (""2025-02-10"", ""因为就在学校旁边，经常过去吃，我比较喜欢吃他们家的凉皮 + 肉夹馍的组合，她家肉夹馍不腻，很香，凉皮很爽口。同学比较喜欢吃他们家的砂锅，味道也很不错，还有西红柿鸡蛋面也是我们比较常吃的，这家店还是比较推荐的。 推荐：纯瘦肉夹馍 酸辣砂锅米线 麻酱凉皮 番茄鸡蛋面 青椒肉夹馍"")]"
同廣鸣港式烧腊(南京大学店),25,3.5,3.5,3.7,3.6,34,"自选双拼饭,白灼青菜,深井烧鵝,蜜汁叉烧饭,鹅翅,白切鸡,深井烧鹅饭,蜜汁叉烧,香港油鸡饭,澳门烧肉饭","{""味道赞: 6"", ""性价比高: 6"", ""服务热情: 3"", ""环境一般: 3"", ""午餐: 3""}","[(""2025-05-22"", ""只能说这烧腊的味道在两广开店活不过一个月，骗骗南京人罢了""), (""2025-05-22"", ""这家港式腊烧店开在南大鼓楼校区门口的汉口路上，距离南京大学很近，来这边吃饭的以学生居多，到了饭店人挺多的。口味：点了他们家的三拼腊烧饭，叉烧，烧鸭，白斩鸡，叉烧：鲜嫩多汁，微微带点甜，非常好吃，烧鸭：经典的广式烧鸭，味道也不错，白斩鸡：白斩鸡味道有点淡，并不是我想象中的白斩鸡，鸡肉还可以，所有的配菜都是现切现剁的，还是很新鲜的...""), (""2025-05-18"", ""南大门口，门头不大，口味很好，份量很足，服务很好。"")]"
鱼塘鲜专业鱼馆(汉口路店),63,3.9,3.9,3.7,3.7,410,"酸菜黑鱼,美味番茄黑鱼,藤椒鱼,酸汤肥牛,韭菜炒鸡蛋,招牌鱼,激情椒麻黑鱼,京酱肉丝,手拍黄瓜","{""味道赞: 92"", ""肉嫩: 60"", ""肉类好: 52"", ""菜品不错: 26"", ""海鲜棒: 21"", ""分量足: 8"", ""上菜快: 4"", ""朋友聚餐: 5"", ""现做现卖: 4"", ""店内消毒: 3""}","[(""2025-05-01"", ""常和朋友来这吃，味道还行，性价比可以。这次的回锅肉口感没有上次好，煸的不够干，软塌塌的，味道还可以。蒜泥空心菜味道也还行，但是希望以后炒菜拌拌匀，这次吃到没化的盐块了。其他都还可以，值得一试。嗯嗯嗯嗯嗯嗯嗯嗯""), (""2025-05-01"", ""味道不错，价格实惠，有很多学生去吃""), (""2025-04-19"", ""晚上在南大附近和朋友一起，大多门店都关门了，这家店倒是还有不少人在吃饭，就选了这家体验下。口味：菜品分量很大，口味中规中矩。[薄荷] 环境：环境一般，属于典型的大学附近的餐饮店，看着就是经济型。[性价比]：毕竟主要消费群体是学生，整体来看性价比蛮高 推荐：酸菜黑鱼"")]"
西安特色面馆(汉口路店),20,3.7,3.7,3.7,3.7,130,"油泼面,臊子干拌面,肉夹馍,西红柿鸡蛋盖浇饭,腊汁肉干拌面,三鲜瓦罐面,陕西烩面片,西安烩麻食,羊肉炒面,三鲜炒面","{""味道赞: 23"", ""口感赞: 11"", ""主食赞: 9"", ""性价比高: 9"", ""菜品不错: 4"", ""肉夹馍: 17"", ""羊肉: 14"", ""午餐: 12"", ""弄堂小店: 3"", ""分量少: 3""}","[(""2025-05-12"", ""学校边的面馆，番茄鸡蛋面挺好吃。其他吃的比较少""), (""2025-04-12"", ""晚上 9 点，店内没几个人，点了个肉夹馍，然后就坐在那里，等了十五分钟居然都没做好。后来点的炒面都上桌后，实在忍不住问一下我的馍做好了吗，才开始给我弄。不到半分钟的事居然点了餐后就没人问了，也不是忙的时候，这样的服务也是头次见。再说下肉夹馍也是吃过的最难吃的。""), (""2025-04-10"", ""喜欢吃油泼面的可以试试西安那边的特色小吃，价格适中"")]"
荆州锅盔(汉口路小区店),6,3.7,3.6,3.6,3.7,59,"梅干菜,烤面筋,瘦肉锅盔,怪味锅盔,牛肉锅盔,烧饼","{""味道赞: 9"", ""服务热情: 5"", ""性价比高: 4"", ""口感赞: 4"", ""价格实惠: 3"", ""午餐: 3"", ""空间小: 3""}","[(""2025-05-03"", ""锅盔香脆，有好几种味道，好吃耶""), (""2025-04-01"", ""特意来买他家的烧饼，有次同事带过一次吃完难忘。后来点了外卖就不好吃了，还是现买口味好，但找了很久来回几次才找到，实在太不显眼了。这次换了个口味，感觉还是第一次好吃，买完去隔壁吃烧烤。一条街都是餐厅选择很多很方便""), (""2024-09-22"", ""刚开始去到南大，在周边闲逛的时候发现的这家店，当时不知道锅盔是什么，感觉很新奇，想尝一尝味道，前面的人买了梅干菜饼，就觉得应该挺好吃的，我也买了梅干菜饼，真的没让人失望，尤其是刚做出来的，超级好吃，后来就经常去他家买，真的很好吃，作为爱吃面食的北方人，很合我的口味。 推荐：瘦肉锅盔 梅干菜 牛肉锅盔"")]"
兰州拉面刀削面(汉口路店),20,3.8,3.8,3.8,3.9,139,"干切牛肉刀削面,烤羊肉串,兰州炒饭,羊肉炒刀削,牛肉炒拉面,新疆大盘鸡,牛肉烩面片,青椒牛肉盖浇面,青椒牛肉盖浇饭,葱爆牛肉盖浇面","{""味道赞: 25"", ""服务热情: 17"", ""性价比高: 11"", ""价格实惠: 8"", ""上菜快: 6"", ""主食赞: 5"", ""分量足: 4"", ""羊肉: 16"", ""午餐: 15"", ""弄堂小店: 4""}","[(""2025-05-22"", ""因为在附近上班 经常来吃这家兰州拉面🍜口味：牛肉刀削面很好吃 劲道十足 味道鲜美 里面的配菜很丰富哦 青菜🥬很好吃 肉🥩给的也分量足的 [薄荷] 环境：在南京大学旁边 周围交通方便 里面环境就是普通的面店环境 挺干净的 [服务铃] 服务：很热情性价比：高 [干切牛肉刀削面]""), (""2025-05-13"", ""和朋友一起来吃的，刚下过雨，吃点汤的，还暖和，面条煮的挺快的，点好没等多久就好了，感觉就是味道有点淡，问老板要了点盐，还不错，环境很干净，老板老板娘也很热情，店里面吃饭的人也挺多的，...""), (""2025-05-01"", ""生日这天过来吃碗长寿面，加了一个蛋和一份青菜，分量刚刚好，味道还不错，中规中矩，店铺在汉口路上离学校也比较近，服务也还可以，干拌的面会送一份汤汤面，不送汤，价格比一般的牛肉拉面店稍微贵一点，可能是因为地段的原因，也是附近经常来吃一家店。"")]"
张亮麻辣烫(南大店),28,3.8,3.8,3.8,3.7,136,"麻辣烫,娃娃菜,金针菇,如意福袋,肥牛卷,腐竹,黄金蛋饺,西兰花,鱼极芝士丸,菠菜","{""味道赞: 21"", ""食材新鲜: 17"", ""菜品健康: 14"", ""服务热情: 11"", ""环境很好: 11"", ""空间大: 10"", ""价格实惠: 9"", ""性价比高: 8"", ""朋友聚餐: 3"", ""店内消毒: 2""}","[(""2025-05-18"", ""在学校附近，所以偶尔会过来吃一吃。味道还可以，就是价格不便宜，不过也是所有连锁麻辣烫的通病了。""), (""2025-05-15"", ""喷香的麻辣烫🥘🥘🥘 直击味蕾，汤都是浓郁的香辣味！！！还有冰粉可以吃！十分推荐！""), (""2025-04-08"", ""学校门口的麻辣烫店，味道还行，性价比一般，偶尔想吃麻辣烫的时候就会去吃。"")]"
老王馄饨,10,3.7,3.6,3.7,3.7,69,"老王骨汤馄饨,鱼丸馄饨,老王馄饨面","{""味道赞: 11"", ""服务热情: 10"", ""肉类好: 6"", ""口感赞: 6"", ""性价比高: 4"", ""分量足: 3"", ""价格实惠: 3"", ""午餐: 5"", ""早餐: 4"", ""空间小: 20""}","[(""2025-03-07"", ""还蛮不错啊 现包现煮 鸭血货真价实 小馄饨肉味很新鲜 南大出来早餐没有吃，热乎乎很满足 (｡･ω･｡)ﾉ♡""), (""2024-12-01"", ""这是附近鸭子店的老板推荐的馄饨店，我们两个人过来一起点了一份大粪的馄饨，上菜非常快，虽然店里面座位不多，但很快就能翻桌了啊，馄饨都味道很不错，汤很鲜甜，老板一家的服务态度也很好，而且价格实在是太划算了。""), (""2024-11-21"", ""前两天陪妈妈过去吃的馄饨，今天妈妈还想吃我就来搜索有没有外卖，居然看到这么多中评差评，真为老板叫屈。辣椒油是很地道的，妈妈是湖南人，这点假不了，肉馅汤底和家里口味差不多才是正常的啊，科技含量低。真心希望这种没有科技含量的店开的久一点。 推荐：老王骨汤馄饨"")]"
石锅房,20,4,4,3.7,3.8,359,"小菜,豆腐汤,滑鸡石锅拌饭,牛肉辛拉面,土豆,部队火锅,豆腐辛拉面,素菜石锅饭,五花肉石锅饭,肉松石锅饭","{""味道赞: 80"", ""主食赞: 38"", ""价格实惠: 24"", ""菜品不错: 23"", ""分量足: 9"", ""上菜快: 8"", ""牛肉赞: 3"", ""午餐: 39"", ""朋友聚餐: 4"", ""空间小: 47""}","[(""2025-05-08"", ""吧？！！唧一口价格呢。，，，！冷了吧！唧一口饭我们司机电的人多啊 mm 墨镜了有吗好了好了吗了吗你的是这个少钱了没事啊？姐姐姐姐你的那个可以 6🙊就你一个👀看看什么鬼的话题终结者永远是最好的人生清理员工餐馆藏着掖款有没有""), (""2025-05-07"", ""口味：[滑鸡石锅拌饭] [豆腐辛拉面] [牛肉辛拉面] [金枪鱼石锅饭] [芝心年糕炒辛拉面] [五花肉大酱汤] [炒夹心奶酪年糕] [泡菜水饺火锅] 饭 菜非常真的是还不错的，各种的石锅拌饭，吃的蛮香的、热腾腾的，吃起来特别带劲儿，分量来说还是可以的，并且肉的话也是度量的。""), (""2025-04-28"", ""[薄荷] 环境：首先他们家的店里环境装修的挺不错的，用餐环境很舒适，地方也很宽敞，他们家的交通也挺便利的 [服务铃] 服务：当然了，他们家的服务也还挺不错的 [口味]：口味上来说，因为本人很少去吃韩式料理，偶尔过去吃一下，觉得他们家的味道 [性价比]：确实挺好吃的他们家的部队火锅还有是新拉面，味道都挺不错的 [性价比]：然后就是他们家的性价比价格不是特别便宜"")]"
阿蛮菜煎饼卷饼(南京大学店),11,4.1,4.1,4.2,4.2,128,"里脊鸡柳菜煎饼,招牌菜煎饼,鸡蛋菜煎饼,五香牛肉菜煎饼,香酥鸡柳菜煎饼,火腿鸡蛋菜煎饼,鲜肉香肠菜煎饼,火腿鸡柳菜煎饼,里脊菜煎饼,鸡胸肉菜煎饼","{""味道赞"":31, ""服务热情"":26, ""菜品健康"":20, ""性价比高"":19, ""食材新鲜"":15, ""价格实惠"":8, ""口感赞"":8, ""干净整洁"":5, ""小料丰富"":4, ""主食赞"":3}","[(""2025-05-21"", ""锅贴拿出来还要在微波炉里热一下？？那您热熟了吗？我请问呢？？""), (""2025-05-03"", ""种类比较多，价格合适，不错的街边小吃""), (""2025-04-26"", ""味道很不错，价格适中，小孩很喜欢吃，下次再来"")]"
筷尚客大食堂,26,3.3,3.3,3.4,3.3,63,"土豆烧牛肉,西红柿鸡蛋,青椒牛肚,香菇青菜,酸菜鱼,奶香小馒头,紫菜蛋汤,皮肚三鲜丸子,小青菜,清蒸鲈鱼","{""味道赞: 33"", ""菜品不错: 14"", ""性价比高: 13"", ""干净整洁: 8"", ""服务热情: 6"", ""肉类好: 5"", ""主食赞: 4"", ""午餐: 26"", ""工作餐: 7"", ""价格高: 20""}","[(""2025-05-20"", ""这一份收我 39 你本来可以直接抢的 还非要送我几个菜""), (""2025-05-14"", ""在南大鼓楼校区旁边，位置很方便，小店炒菜，种类多，中午一直到一点都是有菜的，而且菜是热的。单独一份菜的分量很足，一个人最好拿两个菜。肉菜小贵，人均三十左右。菜的口味还是很棒的，每次去味道都稳定的好吃。""), (""2025-04-07"", ""这家中式快餐确实不错，性价比挺高的"")]"
家天下菜煎饼(汉口路小区店),12,4.1,4.1,4,4,118,"招牌菜煎饼,菜煎饼加个蛋,奥尔良鸡肉菜煎饼,无油轻食减脂肪菜煎饼,土豆丝,粉丝,胡萝卜丝,包菜,金针菇","{""味道赞: 24"", ""菜品健康: 23"", ""服务热情: 15"", ""口感赞: 13"", ""性价比高: 10"", ""价格实惠: 9"", ""食材新鲜: 7"", ""干净整洁: 5"", ""午餐: 6"", ""约会圣地: 2""}","[(""2025-05-13"", ""食材新鲜干净 蔬菜可选种类丰富 分量很实在 口味也很赞 阿姨人很好 可以做成少油无油少盐都可以 作为减脂餐，真是很好的选择 好吃不腻啊 位置要注意，是右边的店面小的那一家，开了九年多了 别买错了 推荐品尝""), (""2025-04-24"", ""店铺在汉口路路南，铺面不大，但是干净利落。[薄荷] 环境：中午过来就一个阿姨，但是有条不紊，很热情。[服务铃] 服务：菜品很丰富，要了 2 个鸡蛋，土豆丝，粉丝等爱吃的菜，摊的时间也够，菜的香味很快就出来。口感很好。推荐：菜煎饼加个蛋""), (""2025-04-19"", ""餐厅的环境优雅，这家餐厅的价格相对实惠"")]"
膳当家黄焖鸡米饭(汉口路店),19,3.7,3.7,3.7,3.7,328,"膳当家黄焖鸡米饭,荷包蛋,鲍汁茄子,金针菇,私房排骨饭,黄焖鸡米饭特辣,西红柿鸡蛋汤","{""味道赞: 48"", ""主食赞: 29"", ""价格实惠: 15"", ""性价比高: 14"", ""干净整洁: 13"", ""环境很好: 13"", ""肉类好: 12"", ""午餐: 23"", ""分量适中: 6"", ""工作餐: 3""}","[(""2025-04-24"", ""我记得好像是团的吧，反正店里面人特别多，还要排队，比旁边的几家生意都很好，口味也很不错，我看很多人去吃，所以去尝试了一下还是挺不错的，后期路过那边还是会去尝的会尝试的挺好的。加油加油。推荐：膳当家黄焖鸡米饭""), (""2025-04-16"", ""亲眼看到阿姨把留很长的指甲浸到汤里。提醒老板注意员工培训，起码个人卫生得有吧""), (""2025-04-03"", ""此店我愿称之为南大救星，汉口路黄焖鸡唯一真神。一般中午食堂吃不下都会来这里，就是生意太火爆，经常没有位置。米饭小菜茶饮都自助，黄焖鸡的味道觉得也很不错，明档看起来还算干净卫生，南区没吃的基本就无脑来这里。"")]"
春水塘土菜馆(汉口路店),43,3.9,3.8,3.6,3.7,430,"瓦罐飘香鸡,酸菜鱼,羊肉锅仔,重庆碳烤鱼,米香鱼,香炸小牛排,干锅包菜,铁板牛肉,糖醋里脊","{""味道赞: 82"", ""价格实惠: 43"", ""菜品不错: 36"", ""分量足: 12"", ""海鲜棒: 9"", ""请客: 15"", ""朋友聚餐: 7"", ""约会圣地: 3"", ""弄堂小店: 3"", ""上菜慢: 12""}","[(""2025-05-14"", ""这家土菜馆开的时间挺长的了，位置在汉口小学附近，靠近居民区。看了一下他家的菜单，菜品种类还是挺丰富的哦！[酸菜鱼] [香炸小牛排] [糖醋里脊] [黄豆炖猪手] [地锅鸡] [清蒸海鲈鱼] [鱼香茄子] [茶树菇炒牛柳] [肥肠臭豆腐] [干锅牛蛙]，特色菜品还是挺多的呢！他家的招牌酸菜鱼味道还可以，酸菜鱼里面的鱼片吃起来口感还挺嫩滑的，肥肠臭豆腐煲口味也还可以哦！""), (""2025-05-14"", ""汉口路附近的一家土菜馆，这家店铺开的时间应该很长了哦！晚餐时间去的，店里人不多，环境方面一般。他家的招牌菜品还挺多的，[瓦罐飘香鸡] [酸菜鱼] [羊肉锅仔] [重庆碳烤鱼] [香炸小牛排] [干锅包菜] [铁板脆皮豆腐] [糖醋里脊] 等等，糖醋里脊味道还可以哦！""), (""2025-04-07"", ""南大门的街边店，都是街坊四邻来。去的时候是晚上，很多人在打牌，有点吵。但作为街边的家庭店，也很难要求太多。[薄荷] 环境：[服务铃] 服务：传统的菜单点菜，自己写，需要啥写好就行。也谈不上需要什么服务了。口味：[金牌烤猪手] 招牌菜了算是，非常的香，调味恰到好处。[特色口水鸡] 口水鸡分量很大，鸡肉也很嫩，微辣，很下饭。[毛血旺] 一大盆，分量属实很给力，鲜咸口，微辣微麻，挺不错。[春水塘招牌牛排] 这个虽然是招牌菜，但牛排因为是炸的并不太能吃出什么牛肉的香味，配的沙拉酱味道有些奇怪，只能说不太能接受。总体而言，性价比非常高的餐厅，抛开环境和服务，作为日常下馆子的小店，还是很不错的。"")]"
福桔家庭厨房,87,4.2,4.2,4.5,4.4,1734,"芝士芥未虾球,芦笋蘑菇,咸蛋黄蒜香鸡翅,南京菜饭,无花果家烧猪小排,福桔焦糖布丁,原汤昂刺鱼炖锅,奶油培根蘑菇贝壳面,罗宋汤,香菇腊肠炒饭","{""不用排队: 9"", ""朋友聚餐: 42"", ""文艺清新: 32"", ""闺蜜聚会: 23"", ""弄堂小店: 14"", ""约会圣地: 12"", ""下午茶: 12"", ""可带宠物: 6"", ""店内消毒: 2"", ""上菜慢: 39""}","[(""2025-05-22"", ""收藏很久的福桔家庭厨房，终于来打卡啦，店里环境还是很温馨的，点了几个店里的特色菜，店员服务还不错，但感觉像是新来的还在培训阶段，有些生疏。[无花果家烧猪小排] 这个排骨，我感觉蛮潦草的，选的部位不是很好，非常非常的柴。[橄榄油浸蒜香大虾] 还不错，挺新鲜的 [福桔三杯鸡] 味道不太行，建议甜口会更好吃，其余菜品就中规中矩吧，期待值没有达到""), (""2025-05-21"", ""炒饭很香。罗宋汤很够味，酸酸的很开胃。排骨很软烂。只有橄榄油虾吃起来有些腥，不太好吃。蛋糕抹茶是真抹茶哈哈哈微苦，切片很漂亮推荐：芝士芥末虾球""), (""2025-05-20"", ""以前经常去吃的福桔，有一天换菜单了，之后就再也没去过。今天突然想吃家常菜，想起了福桔，就过来了。真的来了感觉不仅仅是换菜单，好像老板都换了（如果猜测错误致歉）。最好的一点的确是现做的。味道还可以，不过偏咸。没有给特别高分因为蛮贵的，一个人吃两菜一饭 95，分量也不算多。芦笋炒菌菇里面，芦笋很少。一人食所以没给坐单独的两人小桌，是的，没给坐，一开始以为是有人预定，让我拼中间大桌，我觉得没什么。后来来了两人的客人就坐了，看着也不像有预定。我能接受拼桌，但明明有空桌（单独小方桌）却不给坐也不说原因，让我觉得坐下就是做错事的体验很不好。..."")]"
沙县小吃(汉口路店),14,3.7,3.7,3.6,3.6,112,"小馄饨,冷拌面,炸蒸饺,鸡蛋炒米粉,炒米线,鸭腿饭,鸡蛋炒饭,莲子猪肚汤,花旗参鸟鸡汤,卤肉面","{""味道赞: 15"", ""服务热情: 9"", ""性价比高: 8"", ""主食赞: 7"", ""上菜快: 4"", ""分量足: 4"", ""菜品健康: 3"", ""肉类好: 3"", ""午餐: 14"", ""深夜食堂: 3""}","[(""2025-04-06"", ""店铺不大，但是干干净净清清爽爽，让人愿意坐下来尝尝。口味：个人很爱吃他家的鸡腿饭，有荤有素搭配合理，鸡腿卤的很入味，卤汁拌饭特别香，它家的辣椒酱真的很赞，不是很咸也不会太辣，吃什么加点都香。各种炖汤也是非常鲜美，吃蛋炒饭的时候必须来一份。性价比：价格在汉口路这一片区真的良心，十几块钱吃的货真价实，健康美味。推荐：鸡蛋炒米粉 香卤鸡腿 雪菜蛋炒饭 鸡蛋炒饭""), (""2025-03-13"", ""整体来说就是普普通通的沙县小吃，因为开在南大旁边所以生意巨好，来来去去人络绎不绝：口味：还算可以，但是口味寡淡，有点像预制菜 [薄荷] 环境：一般 [服务铃] 服务：还可以，中规中矩性价比：高，沙县小吃的性价比一直都很高""), (""2025-03-02"", ""口味非常好吃，很香，馄饨肉很多，分量也很大，麻将很多还额外加的雪菜飘香拌面，很好吃还有免费的白开水提供 [薄荷] 环境：环境很好，很整洁 [服务铃] 服务：老板娘服务特别特别贴心推荐：冷拌面 小馄饨"")]"
慢慢早,24,4.3,4.2,4.3,4.3,76,"开心果乳酪,溏心柿子牛乳三明治,黑松露鸡蛋酱,桔子牛乳三明治,无花果乳酪,蓝莓乳酪三明治,蓝莓酸奶碗,香蕉巧克力酸奶碗,抹茶酸奶碗,抹茶草莓牛乳","{""味道赞: 4"", ""早餐: 8""}","[(""2025-04-08"", ""他们家的三明治非常可爱 有各种水果的妹子，这次买了一个西瓜的，哈，我忍不住，实在是太可爱了""), (""2025-03-16"", ""家门口的老夫妻两个用心经营的粉丝汤店。鸭汤自己调的，鸭血鸭肝鸭肠自己煮的，典型的居民楼下美食，本地人认可推荐：酱香饼 鲜肉小笼包 鸭杂锅巴汤 金陵汤包""), (""2025-09-21"", ""扬州路附近真没有个正经早餐店，能找到一家不容易，口味还可以推荐：韭菜盒子 酱香饼 鸭杂锅巴汤 胡辣汤"")]"
金麦笼大包坊(汉口路店),4,3.7,3.7,3.5,3.7,160,"红油豆腐包,蛋黄鲜肉包,香菇青菜包,酸辣豇豆包,三丁包,萝卜丝包,玫瑰豆沙包,肉丁烧卖,现磨豆浆","{""味道赞: 27"", ""服务热情: 19"", ""菜品不错: 10"", ""性价比高: 10"", ""价格实惠: 9"", ""肉类好: 8"", ""主食赞: 4"", ""早餐: 44"", ""现做现卖: 3"", ""店内消毒: 1""}","[(""2025-10-14"", ""这家的馒头真的好吃 一层一层的 很有嚼劲 想一下搭配豆腐乳 辣椒酱 真是太满足了""), (""2025-06-07"", ""开了好多年的包子店，最喜欢他家的肉包和粉丝包，鲜香馅料足，品类众多，价格便宜，从上学到上班每次路过都会买上几个，包括茶叶蛋也很好吃，在南大旁边，老板和老板娘脸上也有岁月的痕迹，唯一不变的是包子到味道和情怀！""), (""2025-04-24"", ""[三丁包] 3 元一个 包子外形比较立体 这个三丁好像是鸡丁笋丁香菇丁 味道有点偏咸了 包子皮挺薄的 口感暄软 不会粘牙 在陶谷新村箱子里 里面不大 路过早餐饮便吃还可以 不知道奶黄包之类的是不是现做的 他家还有鲜肉蛋黄好像还不错"")]"
韩师傅烤冷面,12,3.7,3.8,3.7,3.7,23,"烤冷面,凉皮,蒜泥花甲粉","{""价格实惠"":4}","[(""2025-04-26"", ""突然想吃烤冷面在网上搜到这家位于汉口路青岛路这条小巷子里～[薄荷] 环境：傍晚营业店面不大主要经营各种炸串，烤冷面，花甲粉等小吃  性价比：团购了一份有蛋有里脊有烤肠的「烤冷面」！才 7.9 元 / 份份量实在好吃不贵 [比心] 下次再尝尝他家的花甲粉～推荐：烤冷面""), (""2025-04-08"", ""口味：餐厅的服务超级周到。[薄荷] 环境：很干净 [服务铃] 服务：很热情""), (""2025-02-28"", ""一个大哥开的店年纪应该不算特别大，店面门很干净，整齐，在南大后街。很多人排队买，但价格有点偏高，味道也还行吧。点了掌中宝素鸡加淀粉肠共 18 块钱，掌中宝有点贵了，其他还不错，挺好吃的，如果稍微能够便宜一点就更好了，毕竟在南大学校附近。"")]"
四川宜宾燃面,28,4.1,4.1,3.9,4.1,2800,"招牌燃面,白肉,萝卜小菜,冷双皮奶全家福,蹄花汤,豆花,燃抄手,肥肠米线,拌青菜,辣子鸡面","{""主食赞: 83"", ""上菜快: 31"", ""不用排队: 13"", ""发呆呆: 11"", ""弄堂小店: 114"", ""朋友聚餐: 16"", ""工作餐: 7"", ""现做现卖: 7"", ""闺蜜聚会: 6"", ""文艺清新: 5""}","[(""2025-05-26"", ""味道很不错，店里空调挺足的，一点也不热，人均 30，吃的很开心，份量很大推荐：招牌燃面""), (""2025-05-22"", ""老店了，之前在居民楼下面。味道不错，招牌就是燃面，各种小吃很丰富。推荐：白肉 招牌燃面 萝卜小菜""), (""2025-05-21"", ""特意去吃的 没有白跑哈 性价比超级高"")]"
新疆玉石买买提烧烤(爱德基金会店),37,3.7,3.7,3.7,3.7,139,"肉筋,烤鸡中翅,酱烤生蚝,烤羊排串,纯肉烤香肠,新疆烤馕,羊肉串,秘制烤脆骨,烤掌中宝串","{""味道赞: 20"", ""不用排队: 7"", ""口感赞: 7"", ""价格实惠: 6"", ""食材新鲜: 6"", ""分量足: 3"", ""羊肉: 22"", ""弄堂小店: 3"", ""空间小: 17"", ""排队时间长: 3""}","[(""2025-05-17"", ""自从这家换老板后经常来这家吃，味道特别好，每天都看老板在那穿肉，肉非常的新鲜，好吃😋推荐：酱烤生蚝 烤鸡翅 牛肉串 烤羊排串 羊肉串""), (""2025-03-27"", ""羊肉串，新疆羊肉串，好吃的羊肉串。""), (""2025-11-24"", ""[薄荷] 环境：在青岛路和汉口路的路口，很醒目，站在路边直接吃。口味：[羊肉串][牛肉串] 感觉肉比较新鲜，肉份量很足，肥瘦相间味道好。炭火烧烤，摸的油是大豆油，加一些孜然，入味，很香。这家烤的品种很多，一直开到凌晨。推荐：牛肉串 羊肉串"")]"
jackob嘉珂舶清真餐厅(汉口路店),67,4,4.1,3.9,4,639,"土耳其牛肉饼,芝士鸡肉薯条,土耳其牛肉三明治,土耳其红茶,超丰盛混合烧烤,牛肉披萨,阿拉伯红茶,意大利肉面,泰式烤鸡腿饭,烤羊肉披萨棒","{""味道赞: 104"", ""菜品不错: 36"", ""主食赞: 16"", ""分量足: 14"", ""歪果仁出没: 9"", ""海鲜棒: 3"", ""弄堂小店: 9"", ""朋友聚餐: 5"", ""约会圣地: 4"", ""上菜慢: 17""}","[(""2025-05-23"", ""我日 太好吃了 谁 xx 研究的这玩意呢 进肚儿里就得劲儿 餐厅的价格实惠。这家店的东西超级好吃。烧烤种类丰富。""), (""2025-05-20"", ""经常在外卖软件看到，终于实地打卡。南大周围的店，感觉开了很久。老板娘热情好客，会跟我们聊天推荐菜品那种，所以整体用餐感受就很好。听老板娘讲，主厨好像是巴基斯坦人（没记错的话），所以菜品就异域风情超级浓，印度、巴基斯坦啥的都有。首先提醒，酸奶有甜咸两种，不爱喝水状酸奶口的千万不要因为猎奇心理选咸口的（别问我为什么……）牛肉卷很不错，肉质扎实，饼皮劲道，是被同行者不断称赞的那种。手抓饭相对普普通通，烤肉拼盘肉真的很多，食量不大的人点餐要注意整体餐品数量控制，我们就点多了，结果就只好硬吃…… 肉太压肚子了。对了，咖喱鸡的咖喱味道很浓，本浓稠爱好者喜欢，推荐。总体还蛮喜欢这家店的，会再来～""), (""2025-05-06"", ""拍完毕业照来吃的，味道很不错米饭是特别细的大米，吃着很有嚼劲茶是甜甜的红茶咖喱很浓郁，推荐去吃吃口味：炸薯条不错，分量也很足，后面吃不下了。推荐来吃来吃性价比：很高..."")]"
火山口川味排档,79,4.6,4.6,4.4,4.6,659,"火爆双脆,火山辣子鸡,葱葱鲫鱼,特色手搓冰粉,鲜椒仔姜蛙,特色手工冰粉,火山老麻鱼,水煮肉片,麻婆豆腐,青椒土豆丝","{""肉类好: 50"", ""上菜快: 17"", ""海鲜棒: 13"", ""停车方便: 5"", ""不用排队: 4"", ""现做现卖: 13"", ""弄堂小店: 11"", ""朋友聚餐: 7"", ""闺蜜聚会: 4"", ""约会圣地: 1""}","[(""2025-05-21"", ""隔了一阵子再去，怎么感觉双脆没以前好吃了呢🤔，其他还是不错的，就是感觉双脆没这么好吃了 [小煎鸡] 推荐：小煎鸡""), (""2025-05-14"", ""[薄荷] 环境：青岛路路边，店有二楼，在一楼用餐的。[服务铃] 服务：扫码点单。...""), (""2025-05-08"", ""正宗的川菜自贡美食，葱葱鲫鱼和双脆每次必点。这家餐厅的菜超级下饭。双脆份量充足。"")]"
南芳园,77,3.8,3.8,3.7,3.8,118,"红烧肉,盐水鸭,龙虾,宫爆鸡丁,清蒸鮰鱼,清炒西兰花","{""味道赞: 33"", ""菜品不错: 25"", ""性价比高: 18"", ""价格实惠: 15"", ""服务热情: 15"", ""肉类好: 7"", ""主食赞: 4"", ""有包间: 14"", ""早餐: 13"", ""请客: 3""}","[(""2025-05-03"", ""刚好朋友约了吃饭订的这家餐厅也是挺新奇的，在南京大学鼓楼校区里面，进门的时候还得提前跟餐厅说录入车牌才能进去，整个餐厅的话它是以食堂为主，然后包间对外营业。服务员整体还是很客气的，一声一声叫老师，老师感觉挺新奇，但是呢，他们的菜只能说是食堂吧标准，但是呢，毕竟价格也不贵，环境的话整个包间都偏老了，需要装修，然后能感觉出来有一些历史的沉淀了时间的。沉淀其他的话中规中矩，就是大众消费，大众菜品。不过要推荐一下他们家的白烧河豚，确实是很有特色上的也是不错的，比较清淡""), (""2025-03-25"", ""[薄荷] 环境：在南大鼓楼校区校园内，服务前后两个校内宾馆。位置便捷。[服务铃] 服务：好。菜品口味不错。性价比：比学生食堂贵一点，但是对于外面过来办事的人来说性价比很高。... 推荐：盐水鸭""), (""2025-01-13"", ""2025 年商学院年会来南芳园举办啦！！这次主办方是我们会计系，活动超级多，包饺子比赛，节目也好精彩，关键吃的也特别好，这次主打一个自助餐的形式。每一道菜都不敷衍，选择种类繁多，热菜冷菜主食甜品，应有尽有，饮品也很丰富，我特别喜欢红豆汁和椰汁，还有汤品，咸口的鸭血粉丝汤是南京的经典小吃，还有甜口的酒酿元宵。可以同时照顾到来自全国各地的同学们的口味晚会举办非常成功感谢每一位老师和同学的辛勤付出 [打 call] 推荐：盐水鸭 口水鸡 红烧肉"")]"
食壹咖喱,30,4,4,3.9,3.9,828,"芝士咖喱牛肉蛋包饭,盐酥鸡咖喱饭,鳕鱼排蛋包饭,奥尔良烤鸡腿蛋包饭,芝士鸡肉咖啡蛋包饭,肉排咖喱饭,芝士烤土豆,盐酥鸡芝士蛋包饭,培根咖喱饭,奶香玉米派","{""菜品健康: 13"", ""不用排队: 11"", ""弄堂小店: 38"", ""现做现卖: 9"", ""朋友聚餐: 8"", ""文艺清新: 7"", ""闺蜜聚会: 7"", ""约会圣地: 5"", ""工作餐: 4"", ""上菜慢: 28""}","[(""2025-04-08"", ""性价比：咖喱饭的蛋皮另外➕三块，两人点一个牛肉咖喱蛋包饭 (36) 和鸡肉咖喱 (19)，最近店里搞活动，还送了两瓶可乐，对比池奈这样的连锁店性价比很高口味：口味很不错，虽然没有椰奶的浓郁但咖喱的味道也是特别能体会到咖喱的味道 [薄荷] 环境：屋内有四五张桌子，很温馨，特别喜欢吊顶风扇，想了小时候... 推荐：芝士咖喱牛肉蛋包饭""), (""2025-03-07"", ""餐厅的氛围很好，餐厅的口味很好""), (""2025-12-20"", ""街边小店，吃个简餐还不错，咖喱种类丰富"")]"
美鸽记·中山石岐乳鸽,87,4.3,4.3,4.4,4.4,1474,"中山红烧乳鸽,中山石岐乳鸽,手作红米肠,虫草花炖龙骨,干炒牛河,生啫脆鳝,清补鸽皇汤,古法啫鱼头,水东芥菜炒牛肉,招牌豉油皇乳鸽","{""上菜快: 13"", ""停车方便: 6"", ""不用排队: 4"", ""弄堂小店: 21"", ""现做现卖: 14"", ""约会圣地: 8"", ""朋友聚餐: 6"", ""闺蜜聚会: 4"", ""家庭聚餐: 4"", ""深夜食堂: 3""}","[(""2025-05-26"", ""鸽子皮脆肉嫩，鲜香多汁，每一口都是满满的幸福感，值得推荐！""), (""2025-05-26"", ""带初中生放学来吃，套餐划算量大，乳鸽招牌菜确实脆皮爆汁，不够又点了一只，再加一个牛河，吃的很满意下次还来推荐：中山红烧乳鸽 干炒牛河""), (""2025-05-26"", ""口味：很好吃 [薄荷] 环境：不错 [服务铃] 服务：非常好性价比：很高"")]"
涵洁地锅,58,3.6,3.6,3.6,3.7,56,停业,,
安庆馄饨店(青岛路10号院店),13,3.7,3.7,3.6,3.6,207,"鲜肉馄饨,辣油,雪菜肉丝,青菜肉丝,荠菜馄饨,五香蛋,鸭血馄饨,水煮蛋,甜烧饼,速冻馄饨","{""味道赞: 40"", ""肉类好: 16"", ""性价比高: 13"", ""价格实惠: 9"", ""菜品健康: 3"", ""午餐: 16"", ""早餐: 13"", ""弄堂小店: 4"", ""深夜食堂: 3"", ""空间小: 16""}","[(""2025-05-20"", ""一直没评论，这家店的馄饨确实有特色，很好吃，开了很多年了，肉馅很香，南大附近优质安庆馄饨哈哈哈""), (""2025-05-14"", ""南京遍地都是安庆馄饨皮薄肉多 汤汁也好喝 [鲜肉馄饨] 大部分人的选择 馄饨皮薄肉多 汤汁也好喝 [荠菜馄饨] 对于我来说还是更喜欢荠菜馄饨 荠菜的香味很喜欢下次来南京 这家馄饨店依然会打卡""), (""2025-03-17"", ""味道不错的馄饨店，生得打包回来也挺好吃"")]"
陈记六合猪头肉,16,4.1,4,4,4.1,244,"鸡汁汤包,鸭血粉丝汤,鸭腿饭,盐水鸭饭,酥饼","{""味道赞"":25, ""服务热情"":19, ""性价比高"":15, ""肉类好"":12, ""价格实惠"":12, ""干净整洁"":9, ""菜品不错"":5, ""烤鸭"":7, ""弄堂小店"":5, ""空间小"":15}","[(""2025-05-27"", ""大众点评的套餐，9.9，超级划算耶 店里还蛮个性的，虽然店面不大，汤包上的贼快，几乎不用等，口味也不错 [薄荷] 环境：不大，但是干净，靠近南大 [服务铃] 服务：正常服务...""), (""2025-05-21"", ""据说在南京随便一家都好吃 只能说据说，这家店是卖卤菜的 也就是不饿看到了个秒杀，性价比超级高 ...""), (""2025-05-01"", ""「鸭血粉丝汤」鸭血粉丝汤不错，鸭血是鸭血，血汤是汤，粉丝是粉丝，味道独树一帜🙂「鸡汁汤包」鸡汁汤包是好吃的，口感醇厚。皮也很薄，汤汁很多，汁水很香，肉馅也不错。「酥饼」这个一般，没有特别的酥，个头还行。总体还不错吧"")]"
箪食记(汉口路店),180,4.4,4.3,4.3,4.5,1097,"秘制红烧肉,水煮肉片,小炒鸡杂,糖醋里脊,酱香排骨","{""菜品健康: 58"", ""上菜快: 12"", ""不用排队: 5"", ""弄堂小店: 74"", ""文艺清新: 23"", ""现做现卖: 18"", ""深夜食堂: 11"", ""朋友聚餐: 11"", ""下午茶: 10"", ""约会圣地: 8""}","[(""2025-04-27"", ""[薄荷] 环境：南大附近的小店 我是去鼓楼医院看病然后正好去尝尝 钟意他们家的现煮奶茶很久了所以去试试看 [服务铃] 服务：店里有位奶奶特别和蔼 店主小姐姐也特别特别好 奶茶太热了 还主动给我们提供冰块 还给我们充电宝口味：比较家常 感觉没什么科技自然也没有那种特别的惊艳感 但是奶茶是好吃的 鸡杂也是...""), (""2025-04-21"", ""要从旁边一个小门进去才能看到大门 店面不大 下午两三点店里已经没有人了 可以带狗超级棒🐶[小炒鸡杂] 这个很下饭 里面鸡杂挺多 就是太油了葱花炒鸡蛋 是一个完整的大块 很有水平藤椒鸡还是什么鸡我忘了 配的酱好好吃菜品分量都很大 两个人根本吃不完""), (""2025-04-14"", ""一直觉得学校周边的饭店都是有点特色菜的，口味地道，价格实惠推荐：小炒鸡杂"")]"
福·烧鸟酒场(陶谷新村店),117,4.8,4.8,4.8,4.8,626,"鳗鱼饭,串烤松板肉,海苔鸡蛋卷,炙烧海鲜丼,梅渍番茄,竹の丼,烤鳗鱼串,绍兴酒醉甜虾,蒲烧鳗鱼,西葫芦串","{""上菜快: 20"", ""不用排队: 8"", ""发发呆: 6"", ""深夜食堂: 23"", ""弄堂小店: 22"", ""朋友聚餐: 17"", ""现做现卖: 10"", ""约会圣地: 6"", ""可带宠物: 3"", ""闺蜜聚会: 3""}","[(""2025-05-26"", ""陶谷新村 citywalk 必不能错过的小店～鳗鱼饭太好吃了，鳗鱼是厚切都忘记拍照，烤三文鱼里面还是生的颜色，整体口感不像吃熟的，还是保留生食的感觉在，也是肉眼可见的厚，带着宝子点的炙烤，早知道点生的了。烤年糕不得行，外面不脆里面不糯。""), (""2025-05-25"", ""店里装修很有意思。头顶以为是顾客学得祝福 结果是附近各个店铺老板学的 很有深意。店员健谈有趣 热情 猜拳有技术鳗鱼饭糯叽叽，第一次吃很好吃 可能会以后都爱上蛤蜊肉也很好吃 有点辣 不过还好 推荐""), (""2025-05-25"", ""环境很温馨的小店 一进来感觉宾至如归慕名而来的海鲜饭果然不错 满满鱼籽 还有半熟三文鱼味道很独特店员有求必应 服务很快 上菜也挺快的 整体蛮不错"")]"
人全到饭店(青岛路店),59,4.3,4.3,4.2,4.3,1475,"茄子烧八爪鱼,黄豆炖猪手,肥肠臭豆腐,黄花菜肉圆,冰桂花酒酿,虎皮蛋烧肉,芦蒿炒香干,黄豆烧鸭,桂花酒酿元宵,葱爆花蛤","{""上菜快: 41"", ""发发呆: 4"", ""停车方便: 3"", ""不用排队: 3"", ""弄堂小店: 43"", ""朋友聚餐: 16"", ""现做现卖: 10"", ""请客: 9"", ""家庭聚餐: 4"", ""约会圣地: 2""}","[(""2025-05-24"", ""来南大转转，又转到这家店了。吃的是情怀，菜里却是故事。推荐：黄豆烧鸭 茄子烧八爪鱼""), (""2025-05-20"", ""正宗南京口味本帮菜。好吃下次还要来""), (""2025-05-20"", ""黄花菜肉圆超赞👍，三连拍说明我很爱，真实在，超香的"")]"
金良酸菜鱼(青岛路店),48,4,4,3.7,3.9,136,"金良酸菜鱼,地三鲜,宫保鸡丁,肥肠鱼,碳烤牛蛙,玉米烙,香菜粉皮,铁板牛柳,蒜泥空心菜,爆炒鸡杂","{""性价比高: 32"", ""味道赞: 30"", ""菜品不错: 20"", ""价格实惠: 13"", ""分量足: 9"", ""肉类好: 8"", ""上菜快: 5"", ""海鲜棒: 3"", ""弄堂小店: 9"", ""店内消毒: 2""}","[(""2025-05-16"", ""[金良酸菜鱼] 小盆十三块，还送到家，要啥自行车😁啊！绝对好评！""), (""2025-05-12"", ""好吃的酸菜鱼，巨好吃的酸菜鱼怎么都好吃的酸菜鱼又下饭又好吃，辣辣的真入味，真下饭，他家的锅小炒肉也非常好吃，也非常下饭特别好吃，我还喜欢吃他家的玉米烙，小孩吃也好吃，老人吃也好，什么人都都好吃，嗯，就是比别人家的要好吃啦啦啦啦啦。能吃两碗饭，能吃好多饭，因为下饭所以能吃好多好多饭啊又实惠又好吃，怎么都很好吃啦啦啦啦啦啦啦啦啦啦啦。推荐：金良酸菜鱼 玉米烙""), (""2025-05-11"", ""二十块钱得酸菜鱼哪里有～在这里的 [金良酸菜鱼] 还没开吃就闻到了油泼的香味，酸菜鱼分量足，鱼肉很嫩，酸菜的味道也很好。性价比拉满了。"")]"
小田园(青岛路2号小区店),54,3.9,3.8,3.8,3.8,20,"茴香蚕豆,酸汤肥牛锅仔,龙虾两种口味","{""味道赞: 6"", ""价格实惠: 3"", ""田园风格: 3""}","[(""2025-05-15"", ""老板人太实在了，小份龙虾给的份量非常足，点了两份，点的蒜泥龙虾和香辣龙虾，味道也很不错，性价比超高😘还点了芋头煲，甜滴，超级好吃 (｡･ω･｡)ﾉ♡桂花酒酿甜甜的～""), (""2025-05-13"", ""性价比：好 [服务铃] 服务：好 [薄荷] 环境：优雅口味：清单""), (""2025-05-05"", ""小巷里的宝藏餐厅，在这边办完事吃饭很方便。菜品物美价廉。"")]"
满江红餐厅(新纪元大酒店店),104,4.8,4.7,4.8,4.8,1570,"纪元龙虾,淮安软兜,手工鱼汤小刀面,熟淹河虾,京酱肉丝,纪元盐水鸭,金菊古桥酸菜鱼,扬州狮子头,萝卜丝端子,黑椒蚝油牛柳","{""海鲜棒: 57"", ""上菜快: 18"", ""不用排队: 6"", ""停车免费: 6"", ""请客: 41"", ""约会圣地: 23"", ""朋友聚餐: 15"", ""家庭聚餐: 9"", ""公司聚餐: 5"", ""店内消毒: 1""}","[(""2025-05-26"", ""龙虾特别好吃，尤其是纪元口味的，值得一尝！满江红餐厅环境音乐都很舒适，服务员的态度也很积极，很好。菜单价格都很优惠 套餐很划算，下次还会再来 [点赞] 推荐：纪元龙虾""), (""2025-05-25"", ""菜品干净清爽，价格适中，物美价廉""), (""2025-05-25"", ""价格还是比较实事的，鼓楼医院附近的一家商务宴请餐厅"")]"
同堂韩国料理(南大店),56,4.2,4.1,4,4.2,1519,"嫩豆腐汤,海鲜饼,部队火锅,牛肉石锅拌饭,炒年糕,烤五花肉,炒鱿鱼,泡菜饼,炒杂菜,甜土豆","{""海鲜棒: 33"", ""上菜快: 14"", ""不用排队: 10"", ""弄堂小店: 23"", ""朋友聚餐: 6"", ""现做现卖: 6"", ""闺蜜聚会: 5"", ""请客: 3"", ""店内消毒: 1"", ""约会圣地: 1""}","[(""2025-04-28"", ""吃了好多年的店，他家的辣豆腐汤每次都想的不行，真的很鲜美。海鲜饼做的也很棒，在家就做不出来这个口感，非得来店里吃才行。她家呢烤肉，石锅拌饭也好吃得很，辛拉面我觉得泡着辣豆腐汤更好吃点。自从科巷火爆了以后，到店里吃饭也没以前那么顺畅了，人多，真的多，我的宝藏小店啊。推荐：嫩豆腐汤 海鲜饼 蔬石锅拌饭""), (""2025-04-26"", ""开了十几年的老店，一直吃到现在我当妈。老板娘讲卫生，店里干净清爽，麻雀虽小，一丝不乱。炒杂菜是我的最爱，烤猪五花我也很喜欢。夏天来一份冷面，美滋滋。老板娘自己做的小咸菜味道特别棒，我最喜欢蜂蜜土豆。烤猪五花就喜欢配辣白菜了。家常菜无添加的口味，不如网红店那么一口惊艳，老板娘很好，附近邻里孩子来吃饭还嘱咐老板汤里少放味精。这种店让人吃的放心。推荐：烤五花肉 蔬石锅拌饭 土豆饼 炒杂菜""), (""2025-04-25"", ""单位附近开了一个很多年的老店，算算最起码 15 年，偶尔请学生吃饭的时候回来，我本人不是很喜欢吃韩料，所以吃的机会不多，偶尔吃吃还是可以的，海鲜饼很不错，还会点烤五花肉和拌饭，不过海带汤真的挺稀的，建议改进一下推荐：烤五花肉 海带汤 海鲜饼 烤酱牛肉 土豆饼"")]"
鸭得堡老鸭汤鸭血粉丝(南京鼓楼医院店),24,4.2,4.2,4.2,4.2,132,"招牌鸭血粉丝汤,鸭血粉丝汤,锅巴,蟹黄汤包,虾仁汤包,全套老鸭粉丝汤,招牌老鸭粉丝汤,芙蓉汤包,鸭丁烧麦,鸭肝鸭肠鸭血粉丝汤","{""味道赞: 62"", ""环境很好: 42"", ""装修精美: 37"", ""服务热情: 32"", ""肉类好: 25"", ""菜品健康: 12"", ""主食赞: 7"", ""分量足: 5"", ""上菜快: 3"", ""约会圣地: 1""}","[(""2025-05-25"", ""鸭血粉丝好吃，份量足，不够也能免费续粉，在南大期间一周至少来两次。""), (""2025-05-25"", ""口味挺好 带娃来吃，一个喜欢鸭血粉丝，一个喜欢汤包""), (""2025-05-24"", ""地点：地铁 2 号线南大仙林中心站下。在和园门口商业街第二排，西边，路过百果园再往西走几步就能看到了。在一楼点单，到二楼或三楼找座位，会有服务员将餐食送到座位。口味很不错，性价比很高。一份经典老鸭粉丝汤可以吃很饱。"")]"
南京大学(鼓楼校区)食堂,16,4,3.9,3.9,4,397,"鸡肉鲜虾水饺,滑炒鱼片盖浇饭,花生牛奶,香菇鲜肉小馄饨,麻辣香锅,杂粮煎饼,芒果水饺,红烧排骨,鳕鱼饺,酱鸭","{""味道赞: 58"", ""性价比高: 45"", ""价格实惠: 36"", ""菜品健康: 19"", ""主食赞: 10"", ""分量足: 5"", ""午餐: 33"", ""现做现卖: 7"", ""工作餐: 3"", ""约会圣地: 1""}","[(""2025-05-09"", ""校友可以申请卡，充值后在食堂吃饭，很方便呀。""), (""2025-04-23"", ""好吃，而且菜量也很大，食材新鲜健康，大家吃的也很满意""), (""2025-03-29"", ""这家食堂菜样丰富，鸡肉鲜虾水饺嚼劲十足，荤素搭配样样俱全，大部分学校食堂口味单一，但这真是美美食堂，大家可以都来品尝推荐：麻辣香锅 鳕鱼饺 鸡肉鲜虾水饺 花生牛奶 杂粮煎饼 滑炒鱼片盖浇饭 香菇鲜肉小馄饨 红烧排骨"")]"
南京大学鼓楼校区第二学生餐厅,14,3.7,3.6,3.7,3.6,32,"鸡蛋木耳青椒炒热狗,油煎土豆茄子,木耳炒山药","{""性价比高"":5, ""菜品不错"":4, ""味道赞"":4, ""价格实惠"":4, ""早餐"":7, ""午餐"":5, ""晚餐"":4, ""店内消毒"":1}","[(""2024-10-26"", ""嚼得菜根，做得大事！哈哈哈哈哈哈！口味：中规中矩，果腹餐，详情见标语。[薄荷] 环境：环境挺敞亮，座位很多。...""), (""2024-09-17"", ""这次我们来到了市区南大食堂来探店啦，和小同学们一起就餐啦。孩子妈妈买了五个菜，四十多吧，我们二个人吃，主要是 4 个荤菜，一个素材，价格也不是太贵。口味就非常的好啦，这个红烧肉是个特色，口味太好了，比饭店的都好吃。""), (""2024-07-05"", ""炒饭还行，但 12 块钱稍贵，7 - 8 块是正常水平 红烧烤鸭不错"")]"
人全到饭店南京本帮菜(南秀村店),63,4.3,4.4,4.1,4.2,2625,"茄子烧八爪鱼,虎皮蛋烧肉,肥肠臭豆腐,黄花菜肉圆,冰桂花酒酿,老南京酱油炒饭,黄豆炖猪手,芦蒿炒香干,黄豆烧鸭,干烧肉末茄子","{""上菜慢: 74"", ""不用排队: 18"", ""停车方便: 9"", ""弄堂小店: 290"", ""朋友聚餐: 35"", ""景观现实: 17"", ""文艺清新: 11"", ""约会圣地: 4"", ""下午茶: 3"", ""店内消毒: 1""}"," [(""2025年5月26日"", ""逛完先锋书店找的小馆子 菜很一般 不知道怎么评价高的 我朋友看到收藏打卡送雪碧 给店员看手机确认 结果对方竟然私自给好评了...""), (""2025年5月26日"", ""跟朋友来吃啦亚米亚米 「茄子烧八爪鱼」""), (""2025年5月25日"", ""「茄子烧八爪鱼」好吃的，最底下铺的茄子，上面是一层小八爪鱼 「虎皮蛋烧肉」虎皮蛋不够虎皮，里面的煮鸡蛋挺好吃的 「冰桂花酒酿」冰冰凉凉的 「老南京酱油炒饭」还行 「菊叶菊花汤」南京特色菜菊花脑，好吃的 「蒜蓉铁板大虾」蛮好吃的，虾挺新鲜的，蒜蓉很香... 推荐: 蒜蓉铁板大虾 辣子鸡 茄子烧八爪鱼 煮鸡虎皮蛋烧红烧肉 冰桂花酒酿 红烧带鱼"")]"
EAT食社餐厅,101,4.4,4.2,4.6,4.4,5890,"招牌鸡肉芝士饼,班尼迪克蛋佐烟熏三文鱼,博洛尼亚传统肉酱意面,特色烤春鸡,香草嫩煎鸡扒,招牌牛油果沙拉,博洛尼亚传统肉酱面,鸡肉凯撒沙拉,芝士瀑布肉酱薯条,三文鱼温泉流心蛋熔岩饭","{""不用排队: 35"", ""停车方便: 9"", ""有萌宠: 8"", ""Brunch: 569"", ""弄堂小店: 437"", ""文艺清新: 381"", ""约会圣地: 159"", ""下午茶: 89"", ""可带宠物: 10"", ""店内消毒: 1""}","[(""2025-05-26"", ""当打半天牛马，回家陪胖丁。胖丁很满意。鸡肉芝士饼和别家不一样，就只有鸡肉和芝士，这点我俩都特别满意。牛排七分，还是有很多血，他可能还是喜欢更熟一点的，但是太熟了又会咬不动，就很纠结。他说下次来吃意面，我说 OK。推荐：招牌鸡肉芝士饼""), (""2025-05-25"", ""环境出片，服务态度不错，套餐我和女儿都没有吃完推荐：招牌鸡肉芝士饼""), (""2025-05-22"", ""菜品很好看也很符合我的口味、店里气氛也适合、推荐：招牌鸡肉芝士饼 班尼迪克蛋佐烟熏三文鱼与牛油果 香草嫩煎鸡扒"")]"
咕咕鸡韩国料理(汉口路店),67,4,4,4.1,4.2,2516,"咕咕炸鸡,拉面年糕,无骨双拼,烤五花肉,嫩豆腐汤,石锅拌饭,牛肉菌菇火锅,酱拌炸鸡,鱼糕汤,咕咕酱饼","{""海鲜棒: 31"", ""不用排队: 12"", ""停车方便: 3"", ""弄堂小店: 57"", ""闺蜜聚会: 19"", ""朋友聚餐: 15"", ""文艺清新: 9"", ""约会圣地: 7"", ""请客: 5"", ""上菜慢: 43""}","[(""2025-05-26"", ""[咕咕炸鸡] 很大一份 娃觉得比肯德基好吃，我们大人没怎么吃；[拉面年糕] 还不错 韩国甜辣口；[烤五花肉] 稍微有点焦了，感觉不是很健康，口味还可以的，生菜也挺干净；[嫩豆腐汤] 很好喝，鲜美透着辣。豆腐很嫩。家里的狗狗最有意思，主动要搭讪、要你陪着聊天。服务还是不错的推荐：嫩豆腐汤""), (""2025-05-10"", ""在南京开了十几年的老店了，靠近南大，南师大本部，老的文青聚集地。这家韩国料理店口味还是比较地道的，不过不知道是不是因为逐渐成为网红店了，店里的服务其实是有点跟不上的。一些卫生整洁程度也是有所欠缺的，还是希望能改进加强。""), (""2025-05-10"", ""[薄荷] 环境：位置挺好找的，环境还可以的 [服务铃] 服务：还可以口味：有送小菜，小菜的味道还可以，[咕咕炸鸡] 这个还可以，不过个别有点炸过了，稍微有点硬，[炒年糕] 炒年糕挺好吃的，分量还挺大..."")]"
元味餐厅(新纪元大酒店店),42,4.5,4.5,4.5,4.5,969,"鸡汁小笼包,酸菜鱼,下丝,干拌面(配鱼汤),酸菜虾仁炒饭,虾仁蒸饺,鱼汤馄饨,纪元肉包,咸蛋黄虾仁蒸蛋,馄饨鱼汤面","{""上菜快: 39"", ""海鲜棒: 13"", ""停车方便: 9"", ""不用排队: 6"", ""朋友聚餐: 14"", ""约会圣地: 10"", ""家庭聚餐: 8"", ""现做现卖: 6"", ""工作餐: 4"", ""请客: 3""}","[(""2025-05-26"", ""食材新鲜。口味：清爽舒服 [薄荷] 环境：干净舒适 [服务铃] 服务：亲切温暖性价比：很高多次光顾，值得推荐 [干丝] 鱼汤面""), (""2025-05-26"", ""[薄荷] 环境：好 [服务铃] 服务：很好性价比：高口味：挺好推荐：鸡汁小笼包 不二酸菜鱼""), (""2025-05-25"", ""早茶十点就结束了，只能点些早午茶了，鱼汤面和蟹黄馄饨都好吃"")]"
烟波渔港(吉兆营店),,,,,,,停业,,
La Mia Casa意式小馆(南北秀村小区店),122,4.6,4.6,4.6,4.7,9633,"小馆3.0披萨,蜜瓜火腿,餐前面包,黑松露披萨,肉眼牛排,蘑菇汤,香煎辣虾,千层意面,烤肉拼盘,西冷牛排","{""上菜快: 142"", ""不用排队: 99"", ""弄堂小店: 812"", ""约会圣地: 198"", ""朋友聚餐: 177"", ""闺蜜聚会: 133"", ""现做现卖: 98"", ""下午茶: 40"", ""Brunch: 9"", ""店内消毒: 1""}","[(""2025-05-27"", ""吃了好多次了口味一直没变，环境很幽静，还会再去的""), (""2025-05-26"", ""还可以吧，披萨该有的味道都有，人超级多，早点等位。千层面有点腻，但是蘑菇汤个人感觉好喝，奶奶油味重，好吃。免费的饮料确实有点甜，但是口味还不错。适合附近的人来吃。披萨也是有窑炉的，应该是不错的。至少皮，我也吃掉了 配着奶油蘑菇汤""), (""2025-05-26"", ""菜品的份量有点少。这家店不太宝藏。属实不好吃性价比也不高但是氛围挺好"")]"
Secco德式餐吧,104,4.3,4.3,4.4,4.3,834,"鸡肉烤饼,德式香肠,维也纳炸肉排(猪/鸡),披萨,德式肉饼配薯条,德式烤猪肘,萨拉米火腿烤饼,阿佩罗气泡酒,鸡肉沙拉,金枪鱼沙拉","{""不用排队"": 7, ""上菜快"": 7, ""歪果仁出没"": 4, ""朋友聚餐"": 30, ""弄堂小店"": 29, ""Brunch"": 10, ""约会圣地"": 9, ""现做现卖"": 5, ""可带宠物"": 3, ""店内消毒"": 1}","[(""2025-05-23"", ""开了好多年的店了 有时候晚上想喝酒了就会来这家很方便 是个宠物友好店 店员都很喜欢🐶太有爱啦 \n「维也纳炸肉排（猪 / 鸡）」这个第一次吃 鸡肉好香 一点也不柴 配上酱很不错 [点赞]\n「鸡肉烤饼」是扁扁脆脆的 披萨味道很丰富 不错 \n 没点猪肘但是店员超级好 拿了一个给狗狗吃🐶""), (""2025-05-18"", ""我永远爱南京呢。凑活爱屋及乌一下吧""), (""2025-04-25"", ""口味：「萨拉米火腿烤饼」饼底非常薄脆，边缘焦香，口感像饼干。萨拉米火腿咸香浓郁，搭配酸奶油和芝士，奶香 + 烟熏风味平衡。\n「维也纳炸肉排（猪 / 鸡）」- 外皮酥脆，肉排厚度适中 \n\n 性价比：菜品普遍量大，适合多人分享！"")]"
肯德基(广州店),28,3.9,4,4,3.9,690,"特惠全家桶,吮指原味鸡(1块装),老北京鸡肉卷,薯条,劲爆鸡米花,榴莲之神云朵蛋挞,皮蛋瘦肉粥,川辣嫩牛五方,咖啡小食,香脆鸡肉堡","{""菜品健康"": 9, ""上菜快"": 8, ""不用排队"": 6, ""发发呆"": 3, ""下午茶"": 15, ""24 小时营业"": 5, ""深夜食堂"": 5, ""工作餐"": 5, ""朋友聚餐"": 3, ""约会圣地"": 1}","[(""2025-05-25"", ""你家真搞笑，两个牛牛汉堡等了 20 分钟都没动静！一堆人在那里也不知道在干嘛？研究新菜谱？无语！就不挺有人来问要不要办啥大神卡！大神你先把我的食物给我可以吗？啥玩意儿！我还是提前点了的！进店坐了十几分钟没反应！杀牛去了？\n 哈，说是被人拿错了，那更逗！我就坐柜台前的…… 不知道是不是说辞了""), (""2025-05-25"", ""食物非常新鲜。繁忙时段不排队就能吃上。吮指原味鸡味道非常正宗。""), (""2025-05-24"", ""这次没拍，主要是上一个套餐的土豆泥没有了，所以临时换了，但是鸡米花是辣的，小孩不肯吃"")]"
南京鼓楼医院食堂,15,3.8,3.8,3.8,3.8,94,"卤肉面,盒饭午餐,瘦猪肉片红烧面筋片,牛柳","{""价格实惠"": 15, ""味道赞"": 13, ""菜品健康"": 6, ""性价比高"": 6, ""服务热情"": 4, ""环境很好"": 4, ""分量足"": 3, ""口感赞"": 3, ""早餐"": 14, ""午餐"": 14}","[(""2025-04-29"", ""医院员工还有折扣，中午吃这个还挺划算的，但是过来实习的以及另外外院外人员就稍微贵一点，味道还行吧。总体来说是不错的。""), (""2025-04-08"", ""南京老牌大医院的食堂还是可以的，价格不算贵，干净、卫生，工作人员态度很好。\n 之前在另一家医院呆过，食堂简直可以用脏乱差形容，菜品种类也不多，有对比才有伤害。\n 总体来说对鼓楼医院的软硬件评价都可以，也很人性化。""), (""2025-03-24"", ""他们家菜品的种类很多，可以吃一周不带重样，味道也不错。"")]"
秀爱尔兰餐吧,119,4.6,4.5,4.7,4.6,2049,"蒜香黄油法包,奥尔良鸡肉披萨,炭烤菲力牛排佐黑胡椒汁,罗曼蒂克牛排,牛油果鲜虾沙拉,提拉米苏,番茄意大利面,榴莲芒果披萨,南瓜汤,提拉米苏蛋糕","{""上菜快"": 29, ""不用排队"": 15, ""弄堂小店"": 127, ""约会圣地"": 70, ""朋友聚餐"": 57, ""闺蜜聚会"": 48, ""别墅"": 27, ""下午茶"": 9, ""老洋房"": 4, ""店内消毒"": 3}","[(""2025-05-26"", ""披萨薄薄的很香脆，牛肉品质不错，羊排口味很好就是有点肥。""), (""2025-05-25"", ""#《沉醉于凯尔特风情之夜 —— 秀・爱尔兰餐吧漫记》\n 推开秀・爱尔兰餐吧的橡木门，仿佛跌入都柏林街角的暖黄色时光胶囊。粗犷原木梁柱间垂落着铜制煤油灯，墙面羊皮地图与爱尔兰竖琴交织出航海时代的浪漫，侍者端着冒泡的健力士黑啤穿梭时，杯壁滑落的「圣帕特里克之泪」在烛光里闪烁如液态琥珀。\n\n「吉尼斯炖牛肉派」是味蕾的狂欢 —— 酥皮如金色海浪裹挟着威士忌浸润的牛肉，叉尖刺破的瞬间，肉汁裹挟着烟熏培根碎倾泻而出，搭配麦香浓郁的黑面包…""), (""2025-05-22"", ""非常 ok 适合聚餐 okkkkk 好的"")]"
宜祺发·宸宴·融合菜(金轮峰华天地店),36,4.2,4.2,4.1,4.2,714,"勾魂藤椒鱼,红运辣子鸡,嗨嗨柠檬鱼,酸辣土豆丝,餐奏羮,沸腾麻辣鱼,激情酸菜鱼,开胃茶饮,川府口水鸡,捞汁小木耳","{""海鲜棒"": 19, ""上菜快"": 14, ""不用排队"": 6, ""高大上"": 5, ""工作餐"": 14, ""现做现卖"": 14, ""朋友聚餐"": 6, ""请客"": 6, ""店内消毒"": 1, ""约会圣地"": 1}","[(""2025-04-05"", ""环境优雅，是南通老板开的很多菜品都超好吃，性价比高。服务很好，下次还来""), (""2025-10-20"", ""非常好吃！！！！服务也很好，就是位置有点难找，环境很好，然后羊肉锅非常新鲜，底下有火烤着，羊肉味道很好，配菜也非常好吃""), (""2025-08-29"", ""味道还行，但不是很辣，分量很多，服务也不错 \n 推荐：勾魂藤椒鱼 红运辣子鸡"")]"
鸡鸣汤包(广州路店),21,4.3,4.3,4.2,4.3,1702,"鸡汁汤包,金牌鸭血粉丝汤,赤豆小元宵,桂花糖芋苗,鸡汤馄饨,臻品蟹黄汤包,招牌菊叶汤包,小米南瓜粥,首蓿头汤包,全家福汤包","{""味道赞"": 529, ""肉类好"": 113, ""菜品不错"": 77, ""主食赞"": 28, ""上菜快"": 23, ""交通便利"": 14, ""不用排队"": 5, ""现做现卖"": 5, ""约会圣地"": 4, ""店内消毒"": 1}","[(""2025-05-22"", ""有时候每隔一段时间就会对某一种美食相当渴望 \n 所以每次馋这口就往店里跑 \n 店也很多 \n 哪里都有 \n 点了汤包和小元宵 \n 刚端上桌的汤包...\n 推荐：赤豆小元宵""), (""2025-05-19"", ""[服务铃] 服务：服务员态度好 \n\n [薄荷] 环境：桌面无异味""), (""2025-05-17"", ""鸡鸣汤包是南京必吃榜，有点心动，早晨酒店直接导航到这家。店家的外观很显眼。看他的服务也周到细致大度，免费续。店很小有点挤。点他家招牌的猪肉汤包，和其他品种的汤包，鸡鸭血汤，烧卖，蒸饺等，味道是真的一般，每个蒸笼里都有 2/3 个破的汤水都没有了，不是饱满的像反复蒸了几次一样。真想不到能排前十名。不推荐！"")]"
糯雅芳粥(南京儿童医院店),20,3.7,3.7,3.8,3.8,121,"皮蛋瘦肉粥,鸡汤鲜肉小馄饨,番茄鸡蛋面疙瘩,网红拇指生煎,韭菜鸡蛋水晶包,红豆沙小丸子,鲜肉一口包,樱花烧麦,料足甜腊八粥","{""味道赞"": 23, ""服务热情"": 23, ""性价比高"": 13, ""干净整洁"": 13, ""菜品健康"": 9, ""上菜快"": 3, ""交通便利"": 3, ""早餐"": 16, ""现做现卖"": 4, ""店内消毒"": 1}","[(""2025-05-09"", ""葱油饼干巴，没有鲜香味儿，不好吃，吃了有点硌嘴""), (""2025-05-08"", ""在儿童医院旁边，位置很好找，早上去的时候店里没有什么人，吃了一会来了不少人，坐下很快就上菜了，西红柿疙瘩汤挺好喝的，烧卖也不错，两个人没吃完，招牌是皮蛋瘦肉粥，比较清淡，看着也不错，下次尝试，祝愿老板生意兴隆""), (""2025-05-02"", ""非常荣幸地中了平台的霸王餐体验 \n 店家服务很周到，诚意满满 \n 黑米红枣桂圆粥，用料不错，味道也挺好，适合早饭 \n 番茄鸡蛋面疙瘩，套餐中给我感觉最好的一道，很好吃！\n 樱花烧卖，味道不错，样子也好看 \n 龙虾小笼包，馅料与汤汁都很鲜美，不错的～～「番茄疙瘩汤」\n 推荐：番茄疙瘩汤"")]"
潘老板炸鸡(广州路店),12,4.1,4.1,4,4.1,1204,"炸鸡腿,美年达果汁气泡饮","{""味道赞"": 114, ""肉类好"": 111, ""肉嫩"": 77, ""性价比高"": 48, ""价格实惠"": 40, ""服务热情"": 31, ""菜品不错"": 26, ""炸鸡"": 206, ""下午茶"": 4, ""深夜食堂"": 3}","[(""2025-03-18"", ""老板人不错，服务态度还蛮好的。鸡腿 emmmm 怎么说呢，皮炸的特别厚，鸡腿也不是很嫩，一个鸡腿 10r，还是挺贵的，可能是现在好吃的东西太多了，这种老式炸鸡腿并不是很符合我的口味。感觉如果鸡腿小一点会更入味吧。""), (""2025-09-02"", ""炸鸡腿炸的还算比较入味，老板出餐效率很高。""), (""2025-05-31"", ""[薄荷] 环境：\n 在南大儿童医院门口附近，周围都是大学生，小孩和大学生喜欢吃的基本上口味都会不错😉\n\n [服务铃] 服务：\n 一手交钱一手交货，平平淡淡。\n...\n 推荐：炸鸡腿"")]"
老南京大三元特色传统点心,31,3.9,3.9,3.9,4,754,"桂花桔红糕,密三万,萨其马,正宗绿豆沙糕,薄荷糕,橘红糕,蛋挞,大手工芝麻董酥糖,三拼桂花米糕,蝴蝶酥","{""口感赞"":111, ""味道赞"":97, ""点心好"":50, ""分量足"":6, ""发发呆"":4, ""不用排队"":3, ""饮品赞"":3, ""复古"":13, ""现做现卖"":11, ""约会圣地"":2}","[(""2025-05-25"", ""更喜欢绿豆糕，就是有点糊嘴，但不是很甜，喜欢推荐：正宗绿豆沙糕""), (""2025-05-21"", ""说是这里的老字号，那我就不多说了，可能大家更多的是吃个回忆。买了橘红桂花糕和蜜三刀拼装，还有一盒糯米糍一样的彩色粘食，啥玩意儿啊都是，太难吃了，蜜三刀那不就是糖油面吗，吃了一口腻的打哆嗦，彩色的糯米糍硬硬的，一点弹性没有，吃了两口拿到咖啡店扔了，属实没必要带回家了。哪个也不推荐""), (""2025-05-18"", ""店里比较小，都是老式糕点，性价比很高"")]"
绝味鸭脖(广州路店),21,3.8,3.9,3.8,3.7,373,"招牌鸭脖,蜜汁鸭翅中,黑鸭鸭锁骨,海带,招牌鸡翅尖,鸭舌头,经典小素拼,招牌虾球,招牌蟹脚","{""味道赞"": 28, ""性价比高"": 18, ""肉类好"": 17, ""价格实惠"": 17, ""服务热情"": 17, ""装修精美"": 5, ""食材新鲜"": 4, ""分量足"": 3, ""重口味"": 12, ""空间小"": 7}","[(""2025-05-07"", ""团的套餐是 7 块的毛豆，少称，只给称了 6 块 5 的，当面指出之后店员还不承认，非说给我称了 7 块的。最后套了两个袋子复称也只有 6 块 5。还说就一两个毛豆的事😒😒😒无语。后面盯着店员再称鸭脖，倒是没做手脚了""), (""2025-03-23"", "" 绝味鸭脖。好吃不腻 \n# 推荐产品：\n- 微辣鸭脖：经典口味，微辣，好吃。\n- 甜辣鸭翅：肉质紧实，微辣入味。\n- 五香鸭掌：五香味浓郁。\n- 甜辣鸭锁骨：最喜欢绝味的鸭锁骨，好吃不腻，甜辣的一开始觉得不辣，后面越吃越辣，好吃的很推荐推荐推荐推荐。""), (""2025-02-17"","" 绝味居然出了甜口的，鸭脖和鸭翅，这情人节限定的新品，赶紧尝试了一下。朋友挺喜欢吃的，我觉得还是辣的更好吃，肉相比甜辣的更多汁一些，更嫩一些，上面裹满了蜜汁。还有不少芝麻，挺新鲜的，店里面东西也挺多的。"")]"
小粉桥猪蹄(小粉桥店),27,4.2,4.2,3.9,4.1,1709,"炖猪蹄,卤猪蹄,小粉桥猪尾巴,猪耳朵片,蹄髈,猪手,猪口条,猪蹄膀,猪头肉,卤肉","{""味道赞"": 265, ""肉类好"": 184, ""口感赞"": 109, ""价格实惠"": 37, ""不用排队"": 12, ""点心好"": 4, ""弄堂小店"": 146, ""深夜食堂"": 6, ""分量适中"": 4, ""店内消毒"": 1}","[(""2025-05-24"", ""熟悉的味道回来了，想念了 9 年的猪蹄🥰🥰🥰""), (""2025-05-18"", ""刷到文章去吃，味道还可以，热乎的""), (""2025-05-12"", ""以前就是小粉桥路口的流动摊，今天发现有门面。"")]"
成都娃娃花园餐厅(南秀村店),98,4.5,4.5,4.6,4.4,7826,"老板的牛肉,藤椒水煮鱼,手工冰粉,辣子鸡,激情鱼蛙恋,虾仁豆腐,红糖糍粑,成都脑花,火爆双脆,椒麻馋嘴蛙","{""上菜快"": 134, ""不用排队"": 63, ""弄堂小店"": 577, ""约会圣地"": 326, ""朋友聚餐"": 168, ""别墅"": 121, ""老洋房"": 27, ""下午茶"": 14, ""可带宠物"": 3, ""店内消毒"": 1}","[(""2025-05-27"", ""口感不错，第一次来，满意的，下次一定再来口碑好评如潮。""), (""2025-05-26"", ""服务态度非常好。强推芋儿鸡和牛肉，单点套餐都很好吃！！！！""), (""2025-05-26"", ""环境好，分量足口味好，相当好吃"")]"
广和生大排档(金轮峰华天地店),106,4.6,4.6,4.5,4.6,805,"招牌广东空运吊水鱼生,藏香菌焖扇鸡,榕边干蒸排骨,港式冻柠茶,鲜虾砂锅,生腌虾,海鲜米粉,捞汁鲜鱿,羊肉炉,椒盐玉米","{""海鲜棒"": 38, ""上菜快"": 9, ""停车方便"": 3, ""不用排队"": 3, ""深夜食堂"": 11, ""约会圣地"": 10, ""朋友聚餐"": 6, ""现做现卖"": 4, ""弄堂小店"": 3, ""请客"": 3}","[(""2025-05-27"", ""羊肉软烂好吃，玉米是甜玉米，甜甜的，所有的菜都很满意🥰🥰🥰""), (""2025-05-27"", ""粥的口味很好吃，整体口味中规中矩，以吃饱吃好为主 \n [薄荷] 环境：炎热夏季空调很好""), (""2025-05-25"", ""口味受当地人喜欢。餐厅的交通超级方便。这家店口味超赞。藏香菌焖扇鸡分量充足。"")]"
南京精菜馆,160,4.8,4.8,4.8,4.8,3072,"招牌盐水鸭,招牌煎烧牛尾,黑椒石锅牛尾,柠檬金沙虾球,老牌阳春面,清汤回卤大鹅翼,淮扬软兜,肉汁萝卜,招牌千金鼎,红烧河鱼","{""停车方便"": 19, ""不用排队"": 15, ""请客"": 136, ""约会圣地"": 85, ""朋友聚餐"": 25, ""家庭聚餐"": 13, ""闺蜜聚会"": 6, ""纯原创"": 4, ""店内消毒"": 1, ""上菜慢"": 29}","[(""2025-05-26"", ""避雷，吃饭时服务员说可以用券可以核销团购，吃好了结账翻脸不认，说是不可以用，这么垃圾的店家难得一见。""), (""2025-05-25"", ""不错 有颜值有实力 好看好吃 氛围不错 下次还来""), (""2025-05-25"", ""不是托 实在是好吃 好像和狮王府是同个老板 好吃好吃 \n 推荐：招牌煎烧牛尾"")]"
双黄蛋煎饼,15,4.1,4.1,4.1,4.1,488,"单人培根午餐肉煎饼,香酥鸡柳里脊煎饼,奥尔良鸡腿排煎饼,双黄蛋,照烧鸡胸肉煎饼,鲜美海苔,香酥鸡柳,甘梅地瓜条,肉松","{""味道赞"": 14, ""性价比高"": 7, ""服务热情"": 7, ""价格实惠"": 6, ""干净整洁"": 5, ""菜品健康"": 4, ""食材新鲜"": 4, ""主食赞"": 3, ""早餐"": 3}","[(""2025-03-19"", ""超级好吃！！店员阿姨特别热情，饼都是现摊的，热乎乎🥰打的鸡蛋都是双黄蛋，好看还香香滴，而且店里面干干净净的，价格也不贵，绝对超值 (σﾟ∀ﾟ)σ""), (""2025-03-12"", ""海苔肉松煎饼甜度刚好，还有豆浆真的很好喝，更喜欢喝豆浆哈哈，因为每个人的口味都不一样呀 \n [服务铃] 服务：我觉得超好「海苔肉松煎饼」\n 推荐：海苔肉松煎饼""), (""2025-03-12"", ""最喜欢香酥鸡柳里脊煎饼！就在家门口非常方便！每个都是双黄蛋情绪价值拉满！highly recommend this Chinese pancake place. Making this is like creating a piece of artwork"")]"
晶丽酒店香榭自助餐吧,118,4.4,4.4,4.5,4.6,7233,"鸭血粉丝汤,晶丽糖排,糖醋排骨,扇贝,基围虾,鸡汁小馄饨,鸡汤馄饨,盐水鸭,点心,酒酿元宵","{""停车方便"": 33, ""上菜快"": 26, ""不用排队"": 14, ""约会圣地"": 119, ""朋友聚餐"": 39, ""现做现卖"": 36, ""家庭聚餐"": 30, ""闺蜜聚会"": 23, ""下午茶"": 5, ""店内消毒"": 2}","[(""2025-05-27"", ""餐厅位置很方便。口碑很好，值得一试。餐厅的甜品种类超多。停车场有收费，但费用适中。鸭血粉丝汤超级鲜美。\n [服务铃] 服务：服务非常周到，帮忙收盘很及时，有没好的菜品等做好之后也会主动送过来，非常热心，感觉吃的很开心""), (""2025-05-27"", ""餐厅停车特别方便。适合庆祝纪念日，适合浪漫约会。工作日不排队就能吃上。餐厅交通便利。这里的环境干净整洁。\n [服务铃] 服务：热情周到细致服务们收盘子都很及时吃的很好👍下次一定再来""), (""2025-05-27"", ""我超爱的自助餐厅，菜肴丰富美味，服务到位！"")]"
锦上·OCC,212,4.9,4.8,4.8,4.8,429,"金陵片皮鸭,宫保牡丹大虾球,松茸白玉狮子头,茉莉花茶冻奶酪,椒盐鸭架,鸡头米奶酪,私房红烧黑猪肉焖饭,秧草河蚌炖白子,蟹肉水晶肴肉,松鼠桂鱼","{""高大上"": 19, ""海鲜棒"": 7, ""停车方便"": 4, ""约会圣地"": 21, ""请客"": 15, ""朋友聚餐"": 7, ""下午茶"": 3, ""闺蜜聚会"": 3, ""店内消毒"": 2, ""上菜慢"": 4}","[(""2025-05-27"", ""口味：很好 \n [薄荷] 环境：很美 \n [服务铃] 服务：很强 \n 性价比：棒棒哒""), (""2025-05-27"", ""[薄荷] 环境：美 \n [服务铃] 服务：好 \n 性价比：适中 \n 口味：较好。已经是来了 3 次了，喜欢，还要介绍我的朋友们来体验。""), (""2025-05-27"", ""冷菜芭乐特别好吃 \n 爱吃芭乐别错过 \n 笋壳鱼也不错 \n 鸽子蛋雪绒羹也很清淡 \n 烤鸭不错 \n 五花肉偏甜口..."")]"
双黄蛋煎饼(南京鼓楼医院店),14,4,4.1,4.1,4.1,411,停业,,
重庆鸡公煲(广州路店),48,3.9,3.9,3.7,3.7,41,"鸡公煲,火锅面,娃娃菜,无骨凤爪,鸭血,鹌鹑蛋","{""味道赞"": 10, ""口感赞"": 5, ""食材新鲜"": 5, ""肉嫩"": 5, ""性价比高"": 4, ""菜品不错"": 3, ""价格实惠"": 3, ""服务热情"": 3, ""早餐"": 3, ""午餐"": 3}","[(""2025-05-14"", ""一家主打鸡公煲的店铺，店铺位于广州路附近，地理位置方面还是挺不错的呢！\n 他家的招牌鸡公煲看起来还不错，点了一份尝尝看。等了一会儿，鸡公煲就端上桌了。看了一下，鸡公煲里面的鸡肉份量还挺足的，尝了一块鸡，鸡肉肉质还是挺嫩的，不是太柴。鸡公煲里面的鸡肉吃完以后，可以加点配菜，味道不错哦！下次路过的话，还会再来吃的呢！""), (""2025-05-14"", ""一家主打重庆鸡公煲的店铺，店铺不大，环境方面比较一般。晚上去的时候，店里就餐的人不多。\n 他家的招牌鸡公煲属于必点菜品，除此之外，还有排骨煲和其他的一些简餐等等。饭点过来的话，可以点个鸡公煲或者排骨煲，再加几份涮菜，就足够了哦 \n 他家的招牌鸡公煲口味还可以，鸡肉肉质吃起来还是挺细嫩的，还会再来光顾的一家店铺哦！""), (""2025-04-05"", ""今天天冷，突然想吃鸡公煲。搜了一下就来南大广州路上到这家店打卡。品种很丰富，可以吃蛙也可以吃鸡还有排骨。我们点了一个鸡公煲加排骨双拼，分量很足，上面单独加的油条煮了之后吸满了都是汤汁，特别入味。最后两个人都吃撑了，价格也很美丽，强烈推荐。"")]"
回味鸭血粉丝汤(广州路店),21,4.2,4.3,4.2,4.2,820,"鲜肉汤包,桂花酸梅,全福粉丝,酒酿赤豆元宵,盒装鸭血粉丝汤,辣椒炒肉套饭,葱油烧饼","{""肉类好"": 81, ""菜品健康"": 26, ""主食赞"": 19, ""上菜快"": 16, ""交通便利"": 11, ""不用排队"": 5, ""停车方便"": 3, ""约会圣地"": 3, ""朋友聚餐"": 3, ""店内消毒"": 2}","[(""2025-05-27"", ""还不错，挺好吃的，下次在来吃。""), (""2025-05-25"", ""鸭血粉丝汤的味道还是和之前一样的，南京老味道，非常喜欢，没吃过的非常建议来吃！""), (""2025-05-23"", ""服务态度非常好，环境非常干净，菜品非常美味。"")]"
安家桂花汤圆(中山路店),12,4.1,4.2,3.9,4,159,"桂花汤团,赤豆桂花元宵,烤鸭蛋,酥条肉松蒸饭,酥条烤肠蒸饭","{""味道赞"": 19, ""性价比高"": 13, ""价格实惠"": 9, ""主食赞"": 8, ""饮品赞"": 4, ""菜品健康"": 3, ""早餐"": 31, ""现做现卖"": 4, ""弄堂小店"": 4, ""约会圣地"": 1}","[(""2025-05-25"", ""珠江路这儿开了分店，路边搁两个桌子凳子就开始了生意自己也想开店了。两个小伙子忙的热火朝天的，我一般都是每种一半，但其实还是觉得黑芝麻汤圆很好吃，他家圆的豆沙，长的黑芝麻，小元宵味道也不错，一份不便宜，但是量也很足。可以打包带走，就是盒子要收一块""), (""2025-05-13"", ""1.11 06:53 在鼓楼医院看完急诊出来吃的 老好吃了 但那个时候肠胃炎吃不了太多哈 汤底最喜欢 就爱喝这种甜甜的带酒酿的味道""), (""2025-05-09"", ""我在工作日晚上去的，不需要排队，桂花汤圆真的很好吃，里面还有红豆芝麻，甜甜的很好吃。大的汤圆也还不错，但是感觉没有桂花汤圆吃起来让我感觉那么惊艳。价格也不贵，性价比挺高的。外地过来特意打卡的小汤圆的，推荐！"")]"
鱼籽村秘制拌饭(南大店),28,3.8,3.7,3.8,3.8,277,"芝士鱼籽拌饭,经典原味鱼籽拌饭,肥牛鱼籽拌饭,微辣鱼籽拌饭,五花肉泡菜锅,超辣蒜香芝士鱼籽拌饭,小菜,秘制辣炒猪肉饭,炸酱鱼籽拌饭,无骨炸鸡","{""味道赞"": 45, ""性价比高"": 37, ""肉类好"": 23, ""主食赞"": 21, ""海鲜棒"": 15, ""菜品健康"": 8, ""分量足"": 8, ""上菜快"": 3, ""炸鸡"": 35, ""工作餐"": 5}","[(""2025-05-17"", ""果然没什么人的店不要轻易尝试 \n 点了两份饭，一份炸鸡，一份炸牛奶 \n 饭勉勉强强过得去，因为我们真的很饿了 \n 炸鸡牛奶一端上来我就看出来是预制了，真的很糟糕，是我吃过最难吃的炸鸡，炸牛奶不平整，一看就是解冻没有解冻好 \n 价格也不算便宜，真是要从味道上改进一下""), (""2025-04-27"", ""点过好几次了，肉沫的加入令原本普通的米饭和配菜变得更加惊艳，油麦菜的加入，吃起来的时候，会更加的清爽，海带丝的加入，感觉多了一丝风味，鱼籽的加入，令口感更加的浓郁，看起来是很普通的一个拌饭，但是尝起来味道确实很不错""), (""2025-04-08"", ""口味：「微辣鱼籽拌饭」很好吃❤\n [薄荷] 环境：干净。不错 \n [服务铃] 服务：不错 \n 性价比：不错👍"")]"
金陵红哥精菜馆(江苏科技大厦店),145,3.8,3.8,3.6,3.6,82,"梅干菜龙虾,十三香龙虾,蒜泥龙虾,清水龙虾,淮安软兜,鸡汤荠菜圆子,南乳龙虾,梅汁龙虾,咸蛋黄龙虾","{""味道赞"": 22, ""海鲜棒"": 14, ""环境很好"": 13, ""空间大"": 11, ""菜品不错"": 8, ""交通便利"": 3, ""分量足"": 3, ""有包间"": 27, ""请客"": 5, ""上菜慢"": 3}","[(""2025-05-14"", ""儿童医院附近的一家龙虾馆，店铺地理位置不错，在路边，很好找呢！\n 他家的招牌龙虾个头挺大的，口味也挺多的。有「梅干菜龙虾」「咸蛋黄龙虾」「蒜泥龙虾」「清水龙虾」「十三香龙虾」「香辣龙虾」等等，十三香龙虾和咸蛋黄龙虾吃起来口感都不错呢！""), (""2025-05-14"", ""江苏科技大厦那边的一家餐厅，靠近珠江路地铁口附近，地方很好找。\n 他家的招牌菜品就是他家的龙虾🦞啦！龙虾个头看起来还挺大的，口味选择也挺丰富的哦！「梅干菜龙虾」「十三香龙虾」「蒜泥龙虾」「清水龙虾」「香辣龙虾」「南乳龙虾」等等，感觉最好吃的口味还是十三香龙虾🦞哦！""), (""2025-05-05"", ""偶尔发现这家店，龙虾季到了，于是朋友聚会选择了这家店。广州路儿童医院对面，停车还算方便。\n [薄荷] 环境：一般般吧 \n [服务铃] 服务：还可以"")]"
星记小馆·小蓝龙,141,4.2,4.2,4.1,4.2,733,"高压锅竹笼生蚝,蒜蓉澳洲小蓝龙,桂花糕,秘制鲍鱼,香酥豆腐鱼,秘制排骨,羊蝎子火锅,辣炒蛏子,新鲜百香果汁,海鲜炒饭","{""菜品健康: 44"", ""上菜快: 9"", ""停车方便: 8"", ""不用排队: 3"", ""深夜食堂: 79"", ""朋友聚餐: 12"", ""闺蜜聚会: 6"", ""现做现卖: 6"", ""请客: 3"", ""约会圣地: 1""} ","[(""2025年5月19日"", ""作为一个威海人，很少在南京吃到品质这么好又新鲜的生蚝，多汁又嫩滑粉糯，店家还贴心的送了一把小蚝刀，点赞👍餐厅的价格与品质相符，性价比高。 推荐: 高压锅竹笼生蚝""), (""2025年5月19日"", ""生蚝煲太好吃了 生蚝也很新鲜肥美 绝了「高压锅竹笼生蚝」 推荐: 高压锅竹笼生蚝""), (""2025年5月3日"", ""在附近上班、经常会和小伙伴下班来吃宵夜。 食材新鲜 味道 很好 推荐: 烤羊肉串 蒜蓉澳洲小蓝龙 羊蝎子火锅"")]"
鸭血粉丝汤,23,3.5,3.4,3.6,3.5,92,"鸭血粉丝,小笼汤包,牛肉,素鸡面,鸭血锅巴,腰花","{""味道赞"": 9, ""服务热情"": 7}","[(""2025-04-09"", ""口味：口味还不错！鸭血粉丝汤挺鲜美的，锅巴吃起来有点像零食的感觉，灌汤包也可以，能爆汁 \n [薄荷] 环境：一般般吧！缺少维护整体比较老旧，毕竟是 11 年老店 \n [服务铃] 服务：还行 \n 性价比：还可以！价格不贵，丰俭由人～\n 推荐：鸭血粉丝 小笼汤包""), (""2025-02-21"", ""来南京旅游 看小红书📕来吃的 逛完先锋书店特意去的这家 不推荐特意来哈 环境跟沙县差不多 味道不如沙县 鸭血粉丝并没有吹的这么好吃哈 也有去景区里吃 虽然这家性价比高挺便宜 都是味道确实一般 老板娘很热情 服务的很好""), (""2024-12-09"", ""去了先锋书店在附近搜寻了一番，这家很近也很方便，店面清清爽爽老板娘也很和蔼，店里品种很多，我点了炒面朋友点了鸭血粉丝，完全不踩雷，炒面量很大也很实在配着我们买的烤鸭一绝，朋友的鸭血粉丝也说很好次配料很足汤底也很鲜粉丝滑溜溜的，辣椒油也很香，后来我俩吃完直接撑到不行，非常推荐附近的亲们来吃，是性价比和口味都在线的一家店👍"")]"
穆兰说兰州牛肉面,18,3.6,3.7,3.6,3.5,19,"爆款牛肉面,牛肉炒面,精品牛肉面,兰州甜胚子,新疆羊肉串","{""味道赞"": 6, ""菜品不错"": 4, ""主食赞"": 3}","[(""2025-05-26"", ""偶然发现的一家店，老板很热情，炒面分量非常足，在南京能吃这么地道的兰州风味真是太幸运啦！""), (""2025-01-14"", ""禁止吃店外食物请在门口张贴明显标语提示 OK？或者在点单时告知，而不是点完餐入座后等待上菜时告知，退都不能退。我尊重你们的清真习俗，但也请你们尊重下消费者，提前告知起码我可以选择不来。""), (""2024-12-15"", ""口味：口味还不错，料很多，拉面也劲道，整体感觉还不错！\n [薄荷] 环境：量贩式的厨房，看上去很干净！店面不大，感觉没有原来火了，估计是价格太高了！\n [服务铃] 服务：服务员老哥业务还不是很熟，会记错，可以看看南大门口拉面大哥的记忆力！\n 性价比：不高，现在兰州拉面太贵了！"")]"
王家馄饨铺,12,3.8,3.8,3.7,3.7,86,"荠菜馄饨,鲜肉馄饨,萝卜丝馅饼,大肉面,猪肝面,大排面,小排面,腰花面,青椒干子面,皮肚肉丝面","{""味道赞"": 13, ""性价比高"": 8, ""服务热情"": 7, ""食材新鲜"": 5, ""肉类好"": 4, ""分量足"": 4, ""价格实惠"": 3, ""早餐"": 10, ""弄堂小店"": 7, ""空间小"": 10}","[(""2025-05-07"", ""年轻的时候旅游就是吃名气大的，现在变了，总想去居民区吃当地人日常吃的，我觉得那才是这个地方的味道。这家店门头不大，现包现煮的馄饨，皮薄馅大，肉馅鲜嫩多汁，咬一口满满都是诚意。汤底用骨汤慢炖，鲜香醇厚，搭配紫菜、虾皮和蛋皮，鲜味直接拉满。小份分量实在，大胃王选大份也能吃得超满足，老板手脚麻利又热情。价格亲民，性价比无敌，是治愈味蕾的不二之选！""), (""2025-05-04"", ""没想到这是一家宝藏小店，馄饨现包的，很新鲜，味道很好，价格便宜，性价比超赞 \n 推荐：鲜肉馄饨 荠菜馄饨""), (""2025-04-09"", ""珠江路地铁站出来的小吃店，不知道算是正牌的小马牛肉面否，但品相不错面条 Q 弹汤头鲜美。"")]"
西安特色面食(广州路),22,3.8,3.8,3.8,3.9,167,"岐山臊子面,牛肉油泼面,三鲜瓦罐面,青椒肉夹馍,素油泼面,羊肉泡馍,西红柿鸡蛋,干切牛肉炒面,腊汁肉瓦罐面,扬州炒饭","{""味道赞"": 21, ""服务热情"": 15, ""主食赞"": 6, ""分量足"": 4, ""肉夹馍"": 26, ""午餐"": 14, ""弄堂小店"": 10, ""羊肉"": 10, ""工作餐"": 5, ""店内消毒"": 1}","[(""2025-05-24"", ""好想吃瓦罐面，就想着母校旁边的小粉桥也很久没去了，趁出差拐到那边吃了一下。还是不错的。""), (""2025-05-12"", ""点的特色面条，味道还可以，有肉！老板娘很热情，我还借了手机充电器。""), (""2025-05-06"", ""口味：很好，但有点油腻 \n [薄荷] 环境：不错 \n [服务铃] 服务：不错 \n 性价比：划算❤[点赞]\n 我去了两次吃饭😉\n 推荐：岐山臊子面"")]"
潼记腊汁肉夹馍,12,3.9,3.9,3.8,3.9,105,"招牌腊汁肉夹馍,招牌腊汁白吉馍,麻酱凉皮,卤汁香干,老潼关肉夹馍,半皮半面双拼,麻酱凉面,卤蛋","{""味道赞"": 16, ""性价比高"": 10, ""价格实惠"": 8, ""口感赞"": 8, ""服务热情"": 7, ""食材新鲜"": 5, ""环境很好"": 3, ""肉夹馍"": 50, ""店内消毒"": 1}","[(""2025-05-20"", ""店面不大，老板是个安静的手艺人，没有那么多的推销寒暄。分量是真的足，十一块的肉夹馍🥙真的放的特别多，每次都吃不完😅肉质软烂不腻，灵魂汤汁给的也多，整的面饼外酥里嫩，里面被汤汁浸泡很入味儿。\n 推荐：招牌腊汁肉夹馍""), (""2025-05-01"", ""说实话，口味还是挺不错的，份量也很大，一个吃下去挺顶的。""), (""2025-04-13"", ""南大门口的小店 不是很起眼 心情极度抑郁的时候 从店门口路过 本来已经离开 闻到一阵阵肉香 有一点缓解了 选了基本款 \n 看起来不是很大 拿到手沉甸甸的 本来觉得加辣椒量会变少 老板建议加了平衡口感 果不其然 \n 肥瘦相间 一点也不柴 辣椒不辣丝 \n 丝甜味儿 也不腻了 饼子是脆的 类似金丝饼 一层一层 外皮金黄 吸满了肉汤汁后 非常的香"")]"
食肉兽·饮食,39,4.2,4.2,4.3,4.2,246,"安格斯肥牛饭,鳗鱼,咖喱猪排饭,青椒酱,牛上脑,沙茶排骨面,冰淇淋,蒜香鸡软骨","{""菜品健康"": 15, ""牛肉赞"": 13, ""海鲜棒"": 4, ""现做现卖"": 9, ""深夜食堂"": 3, ""文艺清新"": 3, ""开放厨房"": 3, ""店内消毒"": 2, ""约会圣地"": 1, ""上菜慢"": 3}","[(""2025-05-21"", ""整体来说还是很好吃的，但是酱料有一点点咸，要喝好多好多水😅 但是味道是好的！\n [服务铃] 服务：\n 会送到座位上，就很正常的服务态度，看出来老板是个爽快的人，店不大但是很温馨 \n 性价比：\n 还可以，量也足，下次来尝试一下其他的饭 \n 推荐：鳗鱼""), (""2025-05-16"", ""老板娘姐特别热情❤️‍🔥 一进去就热烈欢迎我们，店里非常温馨！点了一个辛拉面吃吃，里面有很漂亮的鸡蛋，吃起来幸福感满满嘟！走的时候还送了我们一人一瓶自己榨的饮品，大大滴好～\n 推荐：鳗鱼 蒜香鸡软骨 沙茶排骨面 紫薯炒米汁""), (""2025-05-10"", ""- 沙茶面真的太好吃了 -\n 在南京 city walk\n 本来想打卡南大附近的网红墙 \n 刚好到饭点了就想就近吃一口 \n 刷点评刷到这家还不错就来尝尝..."")]"
赵椒椒川味麻辣烫,,,,,,,停业,,
独一味·齐齐哈尔烤肉(羲和广场店),96,4.8,4.8,4.8,4.8,1367,"家庭拌肉,独一味秘制牛五花,精品雪花上脑,猪五花,精品雪花助条,东北大冷面,极品胸口油,芝士条,精品牛舌,精品奶香外脊","{""肉类好"": 175, ""菜品健康"": 134, ""主食赞"": 70, ""上菜快"": 15, ""交通便利"": 15, ""停车方便"": 12, ""不用排队"": 11, ""朋友聚餐"": 22, ""约会圣地"": 10, ""闺蜜聚会"": 4","[(""2025-05-27"", ""口碑很好，值得一试。平时不用排队。停车费用价格实惠。雪花肋条份量充足。猪五花肥瘦比例适中。""), (""2025-05-26"", ""环境很不错，干净卫生，菜品新鲜，服务到位，肉很香好吃好吃很好吃！！！！！""), (""2025-05-24"", ""不是特别正宗的东北烤肉 \n 每道肉谈不上难吃，就是那种特别特别普通的味道 \n 难怪中午就我一桌 \n 但这里的服务还是可以的 \n 全程一个小妹帮我烤，我们负责吃就行 \n 特别要说下，他们家的胸口油我们居然吃出了肥牛的感觉，胸口油不应该回口奶香奶香么"")]"
小院冒菜·万物皆可MAO,51,4.5,4.5,4.7,4.6,213,"特色桂花酒酿豆花,经典香辣冒菜,红豆酒酿,经典五香烤鸭冒,凉山柴熏黑猪鼻,五香冒菜,农家小酥肉,香酥炸平菇,腊肉","{""装修精美"": 62, ""味道赞"": 59, ""环境很好"": 51, ""食材新鲜"": 28, ""菜品健康"": 22, ""主食赞"": 14, ""分量足"": 8, ""文艺清新"": 11, ""朋友聚餐"": 6, ""约会圣地"": 2}","[(""2025-05-27"", ""很宝藏的一家小店，逛街时路过，发现风格好好，很有氛围就来尝试一下。很惊喜，冒菜口味很正宗，豆花和蹄花汤也好喝，店里好多黑胶唱片，服务姐姐人特别好让我们选自己想听的～店门口有室外座位，放了很多鲜花，看着心情就好～朋友也说很好吃，会常来。""), (""2025-05-27"", ""味道还不错，不能吃辣的建议微微辣，辣度刚刚好，两人餐看起来份量不大，但是米饭不限量的情况下能正好吃饱，双人餐配菜很丰富，荤素搭配，周末去吃人还是蛮多的，单人餐也看了一下，有点小贵，分量感觉女生吃不完，适合两人吃""), (""2025-05-27"", ""88 的双人套餐 里边就几块不值钱的破肉 全是烂豆芽和素菜😡踩大雷两个女生还多加了一份小菜都没吃饱 做的甚至不如某些二十几块钱一份的外卖店 巨难吃 性价比很低 不知道这么多好评都怎么来的"")]"
可西玛西班牙餐厅,119,4.4,4.4,4.2,4.4,1744,"西班牙海鲜饭,Tapas拼盘,士豆饼,桑格利亚,烤猪肋排,牛肉奶酪TAPAS,墨鱼汁海鲜面,地中海烤翅,墨鱼汁面,可西玛披萨","{""上菜快"": 33, ""不用排队"": 8, ""闺蜜聚会"": 28, ""约会圣地"": 26, ""朋友聚餐"": 24, ""文艺清新"": 21, ""现做现卖"": 21, ""下午茶"": 10, ""弄堂小店"": 10, ""店内消毒"": 1}","[(""2025-05-27"", ""由于店面超级迷你，导致这么多年竟然没有发现过这家店。\n 由于间歇性想吃西班牙海鲜饭找过来的，口味还可以但没有惊艳。\n 相对来说金枪鱼沙拉更好吃，品质不错。""), (""2025-05-24"", ""很久以前吃的了。确实挺好的。特别好吃的海鲜饭忘记拍了。""), (""2025-05-24"", ""环境着实有点小，店里只能坐 3 - 4 桌这样，不过室外也有座位，也可以坐！\n「西班牙海鲜饭」算是招牌必点的海鲜饭，虾还不错，青口贝有点腥，米饭偏软的口感，吃多了会稍微有点腻 \n「Tapas 拼盘」推荐其中一个牛肉的，还不错！拼盘就是每个味道都可以尝到啦！"")]"
鸭得堡(羲和商业广场店),19,4.2,4.2,4.2,4.2,130,"招牌老鸭粉丝汤,锅巴老鸭粉丝汤,云上蒸饺,虾仁汤包,香酥锅巴,盐水鸭腿,鸭杂汤泡饭,樱花汤包,鸭肝鸭肠老鸭粉丝汤","{""味道赞"": 29, ""服务热情"": 25, ""价格实惠"": 17, ""性价比高"": 17, ""食材新鲜"": 14, ""环境很好"": 14, ""菜品健康"": 10, ""肉类好"": 10, ""主食赞"": 4, ""约会圣地"": 3}","[(""2025-05-27"", ""口味：老鸭粉丝汤分量充足，汤料鲜美可口。喜欢送的锅巴泡汤特好吃😋\n [薄荷] 环境：环境干净卫生整洁 \n [服务铃] 服务：服务员态度好 \n 推荐：鸭杂汤泡饭""), (""2025-05-21"", ""南京鸭血粉丝的招牌了，以前只在新街口吃过，羲和开了一家，环境挺好，人不是很多，就餐体验感挺不错的。""), (""2025-05-18"", ""鸭得堡连锁里比较差的一家，碗筷勺洗得不干净，汤偏咸，花钱加菜扣扣搜搜，理解生意不好干，但最起码的认真还是得有，望改进"")]"
朱氏梅花糕,7,4.1,4.1,3.8,4,1929,"豆沙梅花糕,紫薯梅花糕,云南布拉卷粉,水果馅梅花糕,香蕉梅花糕,梅干菜杂粮煎饼,小圆子,小元宵,馄饨,素鸡热干面","{""不用排队"": 27, ""冬天吃过瘾"": 7, ""菜品健康"": 7, ""发发呆"": 5, ""现做现卖"": 62, ""弄堂小店"": 26, ""下午茶"": 9, ""闺蜜聚会"": 6, ""朋友聚餐"": 5, ""店内消毒"": 1}","[(""2025-05-27"", ""啊啊啊啊 特地路过去买的 结果忘记拍照了 \n 号称南京前三的梅花糕 \n 妥妥南京特色美食了～\n 豆沙口味 5 元一个 还有紫薯 黄桃等口味的 \n 我个人偏爱豆沙 经典口味 吃起来绵绵糯糯的 \n 比景区的要好吃很多 一定要趁热吃 吃起来又软糯还边还脆脆的！...""), (""2025-05-24"", ""在陶谷新村 city walk，听说这个朱氏梅花糕好吃，专门来买一买。还挺快的有 10 个人左右在排队，5 分钟就买到了刚出锅的糕糕。要的豆沙口味，特别糯，有桂花清香，5 块钱一大份，不错哦。还有紫薯 香蕉 菠萝味的，下次尝一尝""), (""2025-05-24"", ""去了两次，还好不怎么排队，味道确实不错。"")]"
比萨时光(上海路店),74,4.4,4.4,4.3,4.4,591,"榴莲芝士全肉双拼披萨,泰式咖喱大虾,四喜团圆披萨,招牌香辣肉碎饭,菲力牛排沙律,小食拼盘,超级全肉披萨,奶油蘑菇汤,榴莲披萨","{""味道赞"": 151, ""牛肉赞"": 10, ""主食赞"": 10, ""海鲜棒"": 9, ""上菜快"": 4, ""朋友聚餐"": 10, ""现做现卖"": 10, ""约会圣地"": 9, ""文艺清新"": 6, ""闺蜜聚会"": 6}","[(""2025-05-14"", ""上海路那边一家主打披萨🍕和西式快餐的店铺，店铺不大，环境方面还不错。\n 中午去的时候，店里顾客还挺多的，看起来生意不错。\n 他家的几款招牌披萨🍕「榴莲芝士全肉双拼披萨」「超级全肉披萨」「四喜团圆披萨」「阿尔巴培根披萨」「帕尔玛进口风干火腿披萨」「金枪鱼披萨」「水果披萨」「玛格丽特 pizza」等等，比较喜欢他家的招牌榴莲披萨，味道吃起来甜而不腻哦！""), (""2025-03-30"", ""上海路附近的一家披萨店铺，店铺不大，环境还可以吧！他家的招牌披萨还挺有特色的，吃起来味道还不错。他家的泰式咖喱大虾🍤 咖喱味道还挺浓郁的，意面🍝也挺好吃的。他家的招牌油炸小吃也还不错，还会再来光顾的哦！""), (""2025-03-29"", ""饭点时间去的，店里的人还挺多的，看起来生意不错。点了几道他家的招牌菜品，看起来都还可以。他家的招牌披萨味道不错，披萨上面的馅料放的还挺多的，口感也比较松软哦！他家的招牌小吃也是炸的香酥可口，还会回购的呢！"")]"
麦当劳(广州路餐厅),24,4,4.1,4,4,729,"薯条,圆筒冰淇淋,麦乐鸡(5块),双层芝士汉堡,双层吉工汉堡,安格斯辣翅套,香芋派,巨无霸,麦麦脆汁鸡(琵琶腿),麦旋风奥利奥原味","{""菜品健康"": 9, ""不用排队"": 8, ""发发呆"": 6, ""上菜快"": 3, ""下午茶"": 10, ""朋友聚餐"": 5, ""工作餐"": 5, ""深夜食堂"": 4, ""店内消毒"": 3, ""约会圣地"": 1}","[(""2025-05-15"", ""一楼座位少，楼上还挺大，7 旁边有网吧。""), (""2025-05-06"", ""[薄荷] 环境：非常干净整洁，看起来很舒服，就是有时候不怎么有位置 \n [服务铃] 服务：整体非常热情友好，很细致 \n 性价比：可以""), (""2025-04-22"", ""学校门口的麦当劳！真的太方便了🥳🥳🥳\n 早餐很实惠！！！之前都是在某团团券的，最近发现直接到线下的点餐机器点，更加优惠！！！！火腿汉堡 + 咖啡还是 9.9🥳🥳🥳还以为没有了呢…… 最喜欢的芝士煎蛋帕尼尼 + 咖啡 11.9！\n 午餐的话还是觉得 1+1 套餐最实惠🥳🥳🥳如果 1+1 套餐选择多一点就好了🥺\n 推荐：薯条 双层芝士汉堡"")]"
筷尚客大食堂(广州路店),26,3.3,3.3,3.4,3.3,63,"土豆烧牛肉,西红柿鸡蛋,青椒牛肚,香菇青菜,酸菜鱼,奶香小馒头,紫菜蛋汤,皮肚三鲜丸子,小青菜,清蒸鲈鱼","{""味道赞"": 14, ""菜品不错"": 10, ""性价比高"": 5, ""装修精美"": 4, ""食材新鲜"": 4, ""空间大"": 4, ""午餐"": 14, ""烤鸭"": 3, ""店内消毒"": 1, ""价格高"": 4}","[(""2025-05-23"", ""去南京旅游，下了动车到珠江路地铁站的地方找吃的，就去这家。味道蛮好，也不贵才 19 块钱。\n 米很好吃，有机会再去南京吃这家。""), (""2025-05-11"", ""晚上过来吃饭，刚喝汤发现汤里有虫，就找服务员换了一碗，结果第二碗没注意，喝了一半，里面还是好多只虫，虫的脚都可以看清，我们两个人三碗汤，里面都是虫。服务员看了，第一动作就是把虫扔垃圾桶，我给他们说了几次，你这个是菜里的虫，检查一下剩下的一桶汤，但是一群人都不在乎，没有人去处理那桶汤，反而打汤的阿姨说是夏天蚊虫多，飞进去的。食品安全大过天，汤里都是小虫，还是很多的情况下，没有人去处理那一桶汤，就放在那里继续卖给后面来的客人，这钱赚着不亏心嘛。我提醒了三次，让服务员检查剩下的汤，没有任何人去检查，只是送我两瓶饮料想解决，我没有要她的饮料，只是想让他们处理那桶汤，不然要卖给更多的人🤢。但是服务员毫不在意，只是推卸责任，汤里那么多小虫，都无所谓，看来品质经常都是这种了。避雷吧大家，真的吃着不放心的一家店。""), (""2025-05-06"", ""作为一个常年吃的老顾客 因为公司就在旁边 实在忍不住来评论了 希望店家能看见！！！食材吃的出来的干净新鲜 环境也不错 但实在搞不懂为什么炒素菜也要放生姜 甚至是炒青菜也放 还是姜末 根本没法挑出来 从来没想过不吃辛辣配菜的顾客吗？？荤菜放生姜也就算了 素菜放的意义在哪？？实在不行换成能挑出来的姜丝或姜块也行啊"")]"
兰州拉面(吉兆营店),17,3.5,3.5,3.6,3.6,46,"牛肉拉面,红烧牛肉拉面,土豆烧牛肉盖浇面,新疆大盘鸡,榨菜炒牛肉盖浇面,油泼面,西红柿鸡蛋拉面,煎鸡蛋,平菇炒牛肉盖浇饭,兰州炒饭","{""味道赞"": 8, ""干净整洁"": 5, ""牛肉赞"": 3, ""弄堂小店"": 5, ""空间小"": 3}","[(""2025-02-21"", ""老店新开，装修后店面亮堂了许多，崭新的环境就是让人欢喜。\n 干切面的面条筋道，汤底清亮，牛肉片五六小片，也算对得起本身的价格。卤蛋原来是虎皮蛋，还以为会油腻，吃在嘴里超乎我的预期，居然别有滋味哎🥰 肉串口感略干，记得买杯奶茶过一过哈🥤""), (""2024-12-15"", ""去吃巷子里的东北菜，8 点多了还得排队 2 小时，实在撑不住来兰州拉面吃个简餐垫垫肚子 \n「牛肉拉面」经典的牛肉面，面是现拉的，面条还可以，虽然我觉得面条有点细，汤底不太好，没有其他家适口性好 \n「酸菜牛肉面」看是新品，比普通的面贵 5 元，20 一碗，就多了点酸菜，其他没什么不一样，建议还是经典口味。\n 简简单单的面条，垫肚子可以。""), (""2025-01-10"", ""[薄荷] 环境:\n 环境就是比较正常的，兰州拉面店干干净净的地方也比较敞亮 \n [服务铃] 服务:\n 基本上是清真姑娘一个人在外面忙活，每个人都会问一下啊要不要煎蛋。大部分人就要了。坚持不懈的营销策略。\n 而且如果不明确说大小碗的话基本上会上大的。..."")]"
月影韩国餐厅(上海路小区店),81,4.1,4.1,4,4.2,1125,"烤五花肉,糖醋肉,鸡蛋卷,奶酪玉米,土豆饼,炒方便面,芝士炒年糕,辣牛肉粉丝汤,辛拉面,海鲜豆腐汤","{""牛肉赞"":43, ""海鲜棒"":28, ""不用排队"":5, ""发发呆"":4, ""深夜食堂"":61, ""朋友聚餐"":23, ""现做现卖"":15, ""闺蜜聚会"":9, ""约会圣地"":3, ""上菜慢"":41}","[(""2025-05-14"", ""天热起来了就想吃这种非烤肉类的韩料 对他家印象深刻的点还是在于营业时间结束的迟。一楼两张桌子都满了，拖鞋上楼上三个房间 有点日本名宿那种二楼榻榻米，挺干净的 坐下来也不会难受觉得挺有安全感的哈哈哈 鸡蛋卷现场制作痕迹明显 第一个空盘的菜 因为减肥糖醋肉和年糕类的都不敢点 冷面好吃 我是冷面星人，但是不吃冷面的朋友第一次夸好吃 必点这个拌冷面！炸猪猪排朋友觉得薄 我觉得是刚刚好，我喜欢偏硬口感 ，到最后都是酥酥的。排名第一的五花肉说实话一般 ，每家韩料五花肉都是必点 ，这个有点腌过的感觉... 推荐：烤五花肉 辣牛肉粉丝汤 奶酪玉米""), (""2025-05-14"", ""就我吃这么久韩料以来最难吃的一家，排第一！难吃爆，炸鸡都是糊的，方便面煮的烂的都捞不起来蛋包饭不就是番茄酱撒在上面，难吃爆避雷搞不懂怎么开在南京的，怪不得不在新街口附近这种开新街口早倒闭""), (""2025-05-12"", ""晚上七点多到店，进去被服务员问有预订吗？没有预订就不接待。牛逼哄哄的店，没有预订还不给吃了，简直想一出是一出哦，门头上也没规定写只接受提前预订的客人，不接受临时过去的。环境看上去脏兮兮的，再加上这待客之道，祝早日关门大吉"")]"
Genuine南洋小馆,80,4.5,4.5,4.7,4.7,1177,"冬阴功汤,泰式炭烧猪颈肉,咖喱面包鸡,咖喱虾,芒果糯米饭,新加坡肉骨茶,斑斓椰奶海南清补凉,椰丝斑斓卷,海南白切文昌鸡,新加坡咖椰黄油吐司","{""肉类好"":59, ""主食赞"":53, ""海鲜棒"":24, ""上菜快"":19, ""约会圣地"":27, ""朋友聚餐"":17, ""闺蜜聚会"":7, ""下午茶"":6, ""文艺清新"":4, ""请客"":3}","[(""2025-05-27"", ""非常好的环境，餐品口味也很好～很适合闺蜜闺蜜聚会""), (""2025-05-27"", ""口味很好，有南阳特色，环境优美，闹中取静""), (""2025-05-27"", ""味道很好，环境也好，老板娘也很热情"")]"
䱊贩寿司,,,,,,,停业,,
朵绮鲜食·能量碗,28,4.3,4.2,4.3,4.3,98,"茉莉花豆浆,暖暖牛肉丸汤面,番茄蛋干拌面,炙烤鸡排谷物全能卷饼,香酥鸡柳时蔬卷饼,厚切鸡腿能量碗,金枪鱼玉米能量卷饼,炙烤大虾能量碗,海藻丝,帕斯雀牛肉能量碗","{""菜品健康"":40, ""服务热情"":22, ""食材新鲜"":19, ""味道赞"":16, ""环境很好"":14, ""装修精美"":12, ""干净整洁"":10, ""饮品赞"":3, ""约会圣地"":1, ""空间小"":12}","[(""2025-05-24"", ""位置在街边，店不大，店内整洁有序。老板不多话，问啥答啥，默默在旁边做餐饮，过程可见吃着放心。鸭胸肉已去皮，肉质紧致香浓，超出预期。牛肉丸弹性十足，荞麦面味道清淡自然。「鸭胸葱油拌面」「暖暖牛肉丸汤面」推荐：鸭胸葱油拌面 暖暖牛肉丸汤面""), (""2025-05-24"", ""在金银街的一家店，店里氛围很好，地方不大但很干净😊 「暖暖牛肉丸汤面」「鸭胸葱油拌面」都很实惠😊 很好吃，用料很好也很丰富，也很新鲜🥰 ，套餐里还可以选「原味豆浆」或「如意宝茶」，豆浆不甜，就是豆香味，很好喝 [点赞] 茶也很浓推荐：暖暖牛肉丸汤面""), (""2025-05-22"", ""食材新鲜，色香味俱全，既有丰富的膳食纤维又有丰富的蛋白质，服务态度也很好。"")]"
董家金牌锅贴(南京大学鼓楼校区店),20,3.6,3.6,3.7,3.6,251,"金牌锅贴,骨汤馄炖,鸭血粉丝汤,素馅儿锅贴,荠菜肉馄饨,小馄饨,骨汤鸭血馄饨,辣油,红豆稀饭,先锋盖浇饭","{""味道赞"":42, ""空间大"":26, ""性价比高"":21, ""服务热情"":19, ""肉类好"":18, ""价格实惠"":16, ""口感赞"":16, ""分量足"":5, ""上菜快"":3, ""早餐"":24}","[(""2025-05-11"", ""下火车垫肚子的第一家「肉馅锅贴」锅贴很大 肉质也很好 就是不够嘴烫 所以口感有点影响「素锅贴」这个一般般 还是肉馅的好吃啊～""), (""2025-04-15"", ""「肉馅锅贴」锅贴口味不错，不会油腻""), (""2025-04-13"", ""他们家的锅贴非常好吃，上班的时候经常过去。"")]"
赣味记忆·地道江西小炒(南京首店),65,4.5,4.5,4.5,4.5,1726,"江西炒米粉,余干辣椒小炒肉,萍乡莲花血鸭,小炒黄牛肉,江西油浸鱼,井冈山豆皮,赣南黄牛蹄,芸豆猪手汤,江西腐竹烧肉,瓦罐煨汤汤","{""主食赞"":75, ""上菜快"":52, ""交通便利"":32, ""牛肉赞"":26, ""不用排队"":9, ""停车方便"":8, ""海鲜棒"":5, ""现做现卖"":24, ""朋友聚餐"":14, ""约会圣地"":9}","[(""2025-05-27"", ""很好味道不错环境优美味道非常正宗""), (""2025-05-27"", ""环境好，服务好大家都来吃，go go go""), (""2025-05-27"", ""[薄荷] 环境：地理位置还是不错的 珠江路地铁下来走几步就到了 很好找 环境也不错 整体比较干净 [服务铃] 服务：服务态度非常好 有需求都能尽快满足 也比较关注客人的情况口味：口味真的很不错 在南京吃到过算是很不错的赣菜 鲜辣可口 值得推荐"")]"
第一泉酒家(鼓楼店),102,3.9,3.9,3.8,3.8,631,"小鱼锅贴,我超爱的江米排骨,豆腐圆子,十三香龙虾,酸辣鸡丝汤,鲶鱼粉皮,酸汤鱼圆,淮安软兜,红烧肉","{""菜品不错"":72, ""肉类好"":54, ""海鲜棒"":34, ""上菜快"":12, ""高大上"":10, ""请客"":43, ""朋友聚餐"":12, ""弄堂小店"":5, ""约会圣地"":3, ""分量少"":12}","[(""2025-05-21"", ""最好吃的是凉菜萝卜，你敢信，鱼丸汤千万别点，虽然点的时候店家好心提醒没以前好吃了，真的不好吃～臭鳜鱼和凑豆腐肥肠都很不错，腰花稍微有点老，真的是徽京，这家是开了二十几年的店，好吃的招牌基本是徽菜呀～哇哈哈😄""), (""2025-04-24"", ""店开了很久了，刚工作的时候会跟着同事们过来改善下伙食。距离学校很近，出了校门过马路就是。大堂通常人不是太多，店里挂着很多明星照片。菜品口味不是很重，扇贝、鲍鱼、鸽子都很好吃。羊肉锅，鱿鱼也都还不错。可以常来""), (""2025-04-13"", ""不起眼的宝藏店铺，菜非常好吃，咸淡适宜，口感清爽，不油腻，也不寡淡，刚刚好，很开胃。"")]"
永和大王(广州路店),20,3.9,3.9,3.9,3.9,1638,"现磨豆浆,大王香菇卤肉饭,非矾油条,宫爆鸡丁饭,卤肉饭,早餐鲜肉小馄饨,早餐蛋饼油条,燕麦红豆谷物豆浆,醇香豆浆乌龙茶,御品番茄牛肉面","{""主食赞"":82, ""上菜快"":32, ""菜品健康"":31, ""工作餐"":32, ""现做现卖"":10, ""店内消毒"":4, ""Brunch"":4, ""约会圣地"":3, ""下午茶"":3, ""朋友聚餐"":3}","[(""2025-05-27"", ""卤肉饭永远的神，大鸡腿炸的也很酥脆，豆浆是招牌，依然冷热都好喝的""), (""2025-05-27"", ""永和大王，广州路这家店开了好久了有时候路过会买一份豆浆，夏天到了，一杯冰豆浆尤其解渴，去的时候人不多，附近就是南京大学，南京师范大学等高校，看到不少学生在店里就餐，点了一份宫保鸡丁套餐，再加一杯冰豆浆，记得宫保鸡丁里面有花生。这个没有，大块的鸡肉很滑嫩，咸甜口的，配了包菜丝，雪菜，正好解腻，事实证明，冰豆浆好喝""), (""2025-05-21"", ""忘记用团购券，现场点餐的，卤肉饭加猪排加豆浆一共 33 元，小贵，印象中卤肉饭没那么贵的。卤肉饭依然经典，还是蛮好吃，就是份量太小，女生饭量大点的不够吃，炸猪排很酥很香，不油腻，很好吃。冰豆浆也没有很甜，怕胖人士可以放心吃"")]"
肯德基(珠江路地铁店),20,3.8,3.9,4,4,249,"黄金SPA鸡排堡,黄金鸡块(5块装),吮指原味鸡(1块装),劲脆鸡腿堡,热辣香骨鸡(3块装),黄金脆皮鸡兑换券,香辣鸡腿堡,肯德基嗷嗷大鸡架,老北京鸡肉卷,葡式蛋挞装","{""性价比高"":21, ""服务热情"":18, ""价格实惠"":16, ""味道赞"":15, ""肉类好"":11, ""饮品赞"":6, ""炸鸡"":19, ""深夜食堂"":3, ""朋友聚餐"":3, ""店内消毒"":1}","[(""2025-04-30"", ""口味：挺好吃的，肯德基的味儿，刚出锅的炸鸡还是很好吃的 [薄荷] 环境：挺干净的，开在地铁口还是很方便的，提前点餐，路过就能拿了。[服务铃] 服务：一般，可能珠江路人比较多吧，早上点早饭有时候会忘记放勺子。性价比：还行""), (""2025-04-27"", ""还可以，只能说还可以，菜品出的还可以吧，炸鸡也挺好吃的吮脂原味炸鸡，¥9.9 的性价比很高，希望不要换工厂，如果每周四都有就好了，也希望肯德基能够认真地做产品去恢复一些较好的产品，而不是一直联动联动联动，你是一个食品商店，你又不是一个卖 ip 的商店。图找不着了，后面两个凑合用吧""), (""2025-04-18"", ""所有餐食都提前做好放在保温箱过长时间，薯饼是烂踏踏的，拿出来中间已经断两节；牛肉大饼吃起来已经全僵了，饼皮全部黏在包装纸上，里面的脆酥是软的；咖啡是从冰箱拿出来提前做好的。所有的餐食没有一个是新鲜出炉的，该店已经不止一次食物品质不新鲜了。"")]"
玄姬Bistro,77,4.5,4.4,4.7,4.6,1405,"培根奶油意面,芝士炸猪排,黄油胡椒虾,辣咖喱牛腩,桃子气泡水,石榴气泡,泰式海鲜汤,肉眼牛排,咖喱鸡排饭,玉米脆","{""上菜快"":15, ""不用排队"":5, ""弄堂小店"":58, ""Brunch"":52, ""约会圣地"":44, ""闺蜜聚会"":28, ""下午茶"":19, ""朋友聚餐"":18, ""文艺清新"":11, ""可带宠物"":5}","[(""2025-05-25"", ""第一次看到这个菜就觉得一定会很好吃炖煮后的猪排柔软弹牙混合着软嫩多汁的苹果肉拌饭真好吃呀～去年泡的荔枝酒还没喝完...""), (""2025-05-23"", ""好吃已经来吃好几次了！！！推荐推荐推荐！""), (""2025-05-23"", ""和闺蜜来吃午餐，套餐很划算「泰式打抛猪肉盖浇饭」超好吃"")]"
玄姬Bistro(上海路小区店),,,,,,,停业,,
南台香饭堂(羲和商业广场店),23,3.6,3.6,3.7,3.6,82,"糖醋里脊,蒸鸡蛋,毛豆炒丝瓜,秘制小鸡腿,辣炒土豆丝","{""味道赞"":16, ""服务热情"":12, ""环境很好"":12, ""装修精美"":11, ""菜品丰富"":9, ""干净整洁"":9, ""价格实惠"":7, ""性价比高"":7, ""主食赞"":3, ""午餐"":11}","[(""2025-05-17"", ""死贵 青豆虾仁卖 15 里面就一个虾仁 我吃的是金子吗""), (""2025-05-03"", ""宫保鸡丁很鲜 充电宝扣费不合理，半小时不到扣 1 小时费用""), (""2025-03-24"", ""排骨冬瓜汤已经没有了，仅剩一些和冬瓜，打菜人员硬从汤桶底部捞了 3 块骨头也要收 6 元卖给我，再一个辣椒炒肉的肉片已经干的咬不动，西红柿炒蛋也是偏生，米饭也是一塌糊涂，吃完后没过 15 分钟已经开始拉肚子窜稀，你这生意真是做绝了"")]"
老时光精菜馆(倍格硅巷店),100,3.6,3.6,3.5,3.5,19,酸菜羊肉,"{""味道赞"":26, ""肉嫩"":22, ""主食赞"":18, ""分量足"":11, ""口感赞"":11, ""上菜快"":4, ""午餐"":17, ""弄堂小店"":10, ""工作餐"":4, ""约会圣地"":1}","[(""2025-05-27"", ""慕名而来下午一点刚过，人流量不算大。网购了水煮肉片，老板特意问是否要辣，我说不要，结果上来的就是这样，还能看到辣椒粉。我以为不辣也就这样，吃得我吸溜吸溜的直咋舌，直到隔壁桌上来一碗清汤寡水的水煮鱼，心里不平衡了，看来老板习惯性发问根本没把顾客的回答当回事。肉片挺多，且较咸，而除去肉片的其他（米线和菜）口味是偏淡的，可能肉片腌制的时间长了点吧。整体来说不惊艳，和乐业村的贵州米线相比虽然评分相差不多，但质量高下立现，还是有段距离的。""), (""2025-05-10"", ""[薄荷] 环境：珠江路金鹰旁边的巷子里，店面不是很大，几张桌子，但是干净整洁。[服务铃] 服务：老板娘很热情，是一家人开的店，两个小朋友在里面写作业呢。口味：米线种类多，口味真不错，还有可口的免费小菜！挺值得推荐的一家店 推荐：番茄鸡柳米线 花生米泡萝卜""), (""2025-05-08"", ""到这边已经是忙碌一天后的夜晚了，八点，老板在吃饭了，但还是很快速的给我们端来两碗米线。水煮肉片满嫩的，也很入味，要的微辣，辣度合适，旁边的干辣椒粉很香。就是有点咸，吃完回家了喝了一瓶冰牛奶。队友喜清淡，所以是原味鸡汤味道，都是不扫兴的人，吃什么都是很开心的。这个点，来吃的人也不少。"")]"
贵州米线(吉兆花园店),20,4.2,4.2,4.1,4.2,132,"水煮肉片米线,水煮鸡柳米线,酸菜肉片米线,辣子鸡干拌米线,酸菜鸡柳米线,酸菜牛柳米线,酸菜腰片米线,番茄鸡柳米线,番茄肥牛米线,现烫肉片干拌米线","{""味道赞: 26"", ""肉嫩: 22"", ""主食赞: 18"", ""分量足: 11"", ""口感赞: 11"", ""上菜快: 4"", ""午餐: 17"", ""弄堂小店: 10"", ""工作餐: 4"", ""约会圣地: 1""}","[(""2025年5月27日"", ""慕名而来下午一点刚过，人流量不算大。网购了水煮肉片，老板特意问是否要辣，我说不要，结果上来的就是这样，还能看到辣椒粉。我以为不辣也就这样，吃得我吸溜吸溜的直咋舌，直到隔壁桌上来一碗清汤寡水的水煮鱼，心里不平衡了，看来老板习惯性发问根本没把顾客的回答当回事，肉片挺多，且较咸，而除去肉片的其他（米线和菜）口味是偏淡的，可能肉片腌制的时间长了点吧。整体来说不惊艳，和乐业村的贵州米线相比虽然评分相差不多，但质量高下立现，还是有段距离的。""), (""2025年5月10日"", ""[薄荷]环境：珠江路金鹰旁边的小巷子里，店面不是很大，几张桌子，但是干净整洁。 [服务铃]服务：老板娘很热情，是一家三口开的店，两个小朋友在里面写作业呢。 口味：米线种类多，口味真不错，还有可口的免费小菜！ 很值得推荐的一家店 推荐：番茄劲爆米线 花生米泡萝卜""), (""2025年5月8日"", ""到这边已经是忙碌一天后的夜晚了，八点，老板在吃饭了，但还是很快速的给我们端来两碗米线，水煮肉片漏漏的，也很入味，要的微辣，辣度合适。旁边的干拌辣椒很香，就是有点咸，吃完回家了喝了一瓶冰牛奶。队友喜清淡，所以是原味鸡汤味道，都是下扫兴的人，吃什么都是很开心的。这个点，来吃的人也不少。"")]"
争鲜回转寿司(鼓楼珠江店),61,4.2,4.2,4.2,4.2,5759,"三文鱼刺身,焦糖鲑,蒲烧星鳗,玄米茶,玉子烧寿司,芥未章鱼,海胆鲑鱼子,中华海草,北极贝寿司,龙虾沙拉","{""菜品健康: 427"", ""上菜快: 36"", ""不用排队: 34"", ""停车方便: 6"", ""现做现卖: 52"", ""朋友聚餐: 49"", ""闺蜜聚会: 36"", ""约会圣地: 10"", ""下午茶: 7"", ""店内消毒: 4""}","[(""2025年5月28日"", ""😋口味：好 [薄荷]环境：好 [服务铃]服务：好 😻性价比：高 推荐推荐推荐""), (""2025年5月28日"", ""食材超级新鲜。 [薄荷]环境：很好 😋口味：很好吃，很鲜 [服务铃]服务：服务态度很好...""), (""2025年5月27日"", ""老婆最爱吃三文鱼🍣，真鲜，实惠，自助！经常光顾这里，每次吃饱了还能吃好几份，因为确实好吃！ 推荐: 三文鱼刺身"")]"
古堡老陈烤串(羲和商业广场店),74,4.2,4.3,4.2,4.2,356,"牛横膈馍,老陈拿手的猪夹羊,牛上脑串,猪夹羊,芝士焗红薯,黄油玉米,猪油饭,掌中宝,解腻小菜,牛肉河粉","{""甜品健康: 14"", ""饮品券: 12"", ""主食赞: 7"", ""不用排队: 4"", ""上菜快: 4"", ""深夜食堂: 7"", ""巷子里小店: 4"", ""文艺清新: 3"", ""朋友聚餐: 3"", ""分量少: 3""}","[(""2025年5月25日"", ""餐厅位置很容易找，这家店口味很好，食物超级好吃，菜量超级丰富，牛腩单物质超所值。""), (""2025年5月10日"", ""在市区的白羊店，上串速度极快，吃肉的瞬间泡腹。\n「牛磺摸摸」写评价才发现没点五花肉！！但好像也是熏醒了🐮牛肉汁水丰富，嫩度刚好\n「松板肉」中规中矩，肉质不错但松板肉更喜爱爱吃爱剥过的。\n...""), (""2025年5月3日"", ""来旅游想看试一试南京本地的特殊 特意挑了酒店附近的一家\n很清淡的烧烤牛肉的调料非常少几乎是原味 爱吃口重辣味的的不太习惯 摸摸糊糊口感很扎实 烤得很嫩有汁水\n西葫芦调味料反而感觉腌得有点太多了 掩盖了西葫芦本身有的清甜味"")]"
米村拌饭(金鹰珠江路店),31,4.3,4.3,4.3,4.3,693,"石锅拌饭,香辣鱿鱼,招牌安格斯肥牛,烤牛肉拌饭,芝士年糕鸡,金枪鱼挫饭,儿童烤牛肉拌饭,石板鸡蛋,芝士玉米,安格斯肥牛","{""口味赞: 153"", ""主食赞: 100"", ""海鲜棒: 75"", ""菜品不错: 61"", ""牛肉赞: 51"", ""分量足: 30"", ""上菜快: 28"", ""不用排队: 11"", ""工作餐: 28"", ""朋友聚餐: 6""}","[(""2025年5月21日"", ""那个铁锅鱿鱼挺好吃的，还有拌饭真的不要太好吃。我和朋友两个人一块去吃的，还好没有卡点饭点吃饭的人简直不要太多。下次还是得提前要不然我怕去晚了没有位置。真的是我喜欢的韩式拌饭，其实我感觉一个人吃有点多哈哈哈不过也能吃完。下次试试石锅鸡蛋。\n推荐: 石锅拌饭 香辣鱿鱼""), (""2025年5月18日"", ""很好吃！\n「芝士年糕鸡」酱料真的好吃耶，除了贵没毛病\n[服务铃]服务：阿姨服务很好，一整个培训有素\n推荐: 芝士年糕鸡""), (""2025年5月16日"", ""很好吃！南方人来南京发现有米村馆迫不及待来啦！，然后店员非常的热情有礼貌！！！很久没有遇见服务态度这么好的店铺了，赞赞。鱿鱼好吃我是加了一份胡萝卜，配菜米饭都跟不错，推荐推荐！\n推荐: 香辣鱿鱼"")]"
屠夫的女儿·食肉店(羲和商业广场店),105,4.2,4.3,4.2,4.2,1133,"五花肉山,芝士红薯泥,大口啃的屠夫手斧猪排,秘制猪油拌饭,自制小菜,屠夫的五花肉山,自制爽口开胃马蹄水,马来西亚肉骨茶汤,牛肉芝士春卷,整根猪肋排","{""上菜快: 23"", ""不用排队: 10"", ""停车方便: 4"", ""朋友聚餐: 29"", ""寻宝小店: 26"", ""深夜食堂: 15"", ""约会圣地: 11"", ""M现摘M: 8"", ""闺蜜要会: 7"", ""店内消毒: 1""}","[(""2025年5月18日"", ""我是想给老板写个匾面加文字的好的评，但问题在于他家实在是太太好吃了反应过来都吃光了，导致就没有美图，我从他家刚开业22年吃到25年，品质特别稳定特别好改，门口的烤串也是一流，烤的特别好吃，两个人由于太好吃吃了一份蜜汁排骨一份羊肉和一份肉山，推荐羊肉、排骨，再点一份他家蔬菜，口味鲜咸，赞啊！而且老板人很好，我将应聘兼职吃他家员工餐……""), (""2025年4月30日"", ""好吃的不得了，他家室外氛围感也很好，老板人态度也特别好，肉质特别的新鲜，不知道吃啥的时候就考虑来他家，每种肉都很好吃，建议每种都尝试一下，如果男孩子多的可以请他们家套餐真的很不错～玉米也是香香的～很棒～""), (""2025年4月28日"", ""肉串好吃，油脂丰富，香嫩可口。五花肉感觉是炸的不是烤的，还行吧"")]"
鹿港美·台湾菜(珠江路金鹰店),,,,,,,,,
潘家韩国料理(南阴阳营小区北区店),,,,,,,,,
南京沉香鸭馆(汉口西路店),,,,,,,,,
麻辣盛艳(金鹰天地店),,,,,,,,,
老马牛肉面(上海路店),,,,,,,,,
呆头鱼·无刺酸菜鱼(珠江路金鹰店),,,,,,,,,
老娘舅(金鹰购物中心店),,,,,,,,,
月星餐厅酸菜鱼(宁海路店)海洋酸菜鱼,,,,,,,,,
大鼓米线(金鹰购物中心店),,,,,,,,,
和府捞面(金鹰北馆店),,,,,,,,,
鱼酷活力烤鱼(金鹰购物中心店),,,,,,,,,
新白鹿(珠江路金鹰店),,,,,,,,,
袁记云饺(南京市鼓楼区上海路店),,,,,,,,,
煲仔皇(珠江路金鹰店),,,,,,,,,
匠二家,,,,,,,,,
同堂韩国料理(汉口西路),,,,,,,,,
井格重庆火锅(南京珠江路金鹰店),,,,,,,,,
三娃西安特色面馆(吉兆花园店),,,,,,,,,
台式烩饭(金银街小区店),,,,,,,,,
老街大肉面(南阴阳营小区南区店),,,,,,,,,
北京烤鸭,,,,,,,,,
丹枫雨露(广州路店),,,,,,,,,
POETS泰狮(金鹰北馆店),,,,,,,,,
老乡鸡(金鹰购物中心店),,,,,,,,,
米斯特比萨(金鹰北馆店),,,,,,,,,
芾·西贡越南餐厅(金鹰南馆店),,,,,,,,,
老地方(南京鼓楼区),,,,,,,,,
南京宝莱纳啤酒花园,,,,,,,,,
港师傅·菠萝包(金银街店),,,,,,,,,
杰克地方西餐厅(上海路店),,,,,,,,,
京和风食堂·锅物串烧定食(珠江路金鹰店),,,,,,,,,
皆道拌麻辣烫(吉兆花园店),,,,,,,,,
七侍SEVENTOR(金鹰北馆店),,,,,,,,,
东北水饺五谷渔粉,,,,,,,,,
小杨砂锅,,,,,,,,,
杨记面馆(丹凤店),,,,,,,,,
鸡鸣汤包(汉口西路店),,,,,,,,,
光头鸡(尖角营店),,,,,,,,,
紫滇源云南生态菜(丹凤街店),,,,,,,,,
紫菜馄饨(唱经楼西店),,,,,,,,,
泰姬玛哈印度料理(上海路店),,,,,,,,,
紫燕百味鸡(上海路店),,,,,,,,,
陇上秦轩(金鹰购物中心店),,,,,,,,,
滕家大院,,,,,,,,,
徐家酥烧饼,,,,,,,,,
靖小馆·大馄饨(上海路店),,,,,,,,,
卢记小馆(南阴阳营小区南区店),,,,,,,,,
阿爸饭桌(上海路店),,,,,,,,,
披萨大叔,,,,,,,,,
土菜馆(恒基中心公寓店),,,,,,,,,
烧鸟舅舅(丹凤街店),,,,,,,,,
大宝麻辣烫(丹凤街店),,,,,,,,,
老七家牛肉锅贴店(湾牛肉锅贴店),,,,,,,,,
老新隆李氏牛肉锅贴(及及广场店),,,,,,,,,
自选王壹号大食堂,,,,,,,,,
觅洞炭火烤肉酒肆(及及广场店),,,,,,,,,
苏客(恒基中心公寓店),,,,,,,,,
二十道风味(金润发购物中心店),,,,,,,,,
哈尔滨水饺(吉兆花园店),,,,,,,,,
源制源味融合菜(唱经楼小区店),,,,,,,,,
古南都饭店调和元年(广州路店),,,,,,,,,
港师傅菠萝包(丹凤街店),,,,,,,,,
三顾冒菜(珠江路店),,,,,,,,,
晚自习高烤(南京总店),,,,,,,,,
粥世佳(吉兆花园店),,,,,,,,,
和善园(华阳大厦店),,,,,,,,,
鱼你在一起(恒基中心公寓店),,,,,,,,,
円满烧肉(唱经楼小区店),,,,,,,,,
旺四海渣渣牛肉(南京店),,,,,,,,,
凤鸣小厨(恒基公寓店),,,,,,,,,
红杏酒家(鼓楼·荔枝广场店),,,,,,,,,
老娘舅(鼓楼·荔枝广场店),,,,,,,,,
夏记小馆(鼓楼·荔枝广场店),,,,,,,,,
元满烧鸟居酒屋,,,,,,,,,
肯德基(学府店),,,,,,,,,
蟹员外蟹黄面(珠江路店),,,,,,,,,
天一料理(鼓楼·荔枝广场店),,,,,,,,,
三猫黑鱼花(南大店),,,,,,,,,
御料亭(鼓楼·荔枝广场店),,,,,,,,,
小肥羊回转火锅(鼓楼·荔枝广场店),,,,,,,,,
月星餐厅,,,,,,,,,
古南都遂心遂意自助餐厅,,,,,,,,,
叶新鸭血粉丝汤(及及广场店),,,,,,,,,
桂皖小吃,,,,,,,,,
茶悦笼蟹黄汤包(南京珠江路店),,,,,,,,,
古南都饭店·民食國粹,,,,,,,,,
小渝快毛血旺(鼓楼·荔枝广场店),,,,,,,,,
乐百丽比萨(鼓楼·荔枝广场店),,,,,,,,,
夜上海(荔枝广场店),,,,,,,,,
那古野日本料理,,,,,,,,,
俺村小院(唱经楼小区店),,,,,,,,,
老汪柴火馄饨(随园大厦店),,,,,,,,,
安庆馄饨,,,,,,,,,
汉堡王(南京江苏电视台),,,,,,,,,
麦当劳(南京中山餐厅),,,,,,,,,
老头盖浇饭(同仁小学店),,,,,,,,,
泽厨记抓饭(吉兆花园店),,,,,,,,,
老地方菜馆,,,,,,,,,
三两三川渝冒肚(玄武店),,,,,,,,,
韵味居湘菜馆(新世界百货珠江路创业大街店),,,,,,,,,
朱鹭欧风咖喱专门店,,,,,,,,,
蝉芳·家庭料理,,,,,,,,,
翠香阁潮州菜馆(及及广场店),,,,,,,,,
蓝雀小馆·市井老南京菜(及及广场店),,,,,,,,,
贺记大碗皮肚面(同仁西街店),,,,,,,,,
便民菜馆(西街店),,,,,,,,,
袁记云饺(及及广场店),,,,,,,,,
花千醉拾季(鼓楼·荔枝广场店),,,,,,,,,
暖暖小馆(及及广场店),,,,,,,,,
临榆炸鸡腿(江苏南京丹凤街店),,,,,,,,,
梁记皮肚面,,,,,,,,,
缇香阁菜馆(唱经楼店),,,,,,,,,
丹凤街杨国福麻辣烫店,,,,,,,,,
膳当家黄焖鸡米饭(天创大厦店),,,,,,,,,
一哥卷饼(丹凤街店),,,,,,,,,
刘家大院·新派南京菜(天创大厦店),,,,,,,,,
绝味鸭脖(丹凤街店),,,,,,,,,
插花牛肉汤馆(吉兆花园店),,,,,,,,,
徐家鸭子店(丹凤街店),,,,,,,,,
拾捌川·自贡爆炒(丹凤街店),,,,,,,,,
好旺鸡中国炒鸡(丹凤街店),,,,,,,,,
